Company,Major index membership,Market capitalization,Return on Assets (ttm),Return on Equity (ttm),Return on Investment (ttm),Gross Margin (ttm),Operating Margin (ttm),Net Profit Margin (ttm),Income (ttm),Revenue (ttm),Diluted EPS (ttm),EPS estimate for next quarter,EPS estimate for next year,EPS growth next year,EPS growth this year
A,S&P 500,41050000000.0,0.125,0.25,0.16899999999999998,0.545,0.24100000000000002,0.191,1320000000.0,6930000000.0,4.43,1.26,6.31,0.10830000000000001,0.061
AAL,S&P 500,10650000000.0,0.002,-0.016,0.052000000000000005,0.579,0.033,0.003,127000000.0,48970000000.0,0.11,0.01,2.87,0.4364,1.063
AAP,S&P 500,7880000000.0,0.042,0.18100000000000002,0.138,0.445,0.063,0.045,501900000.0,11150000000.0,8.26,2.69,11.9,0.06269999999999999,-0.135
AAPL,"DJIA, NDX, S&P 500",2336710000000.0,0.275,1.635,0.583,0.431,0.294,0.24600000000000002,95170000000.0,387540000000.0,5.89,1.43,6.59,0.1041,0.08900000000000001
ABBV,S&P 500,261850000000.00003,0.083,0.7340000000000001,0.205,0.715,0.312,0.203,11780000000.0,58050000000.0,6.63,2.63,11.1,-0.0027,0.027000000000000003
ABC,S&P 500,30470000000.0,0.03,0.005171325363836021,0.345,0.035,0.01,0.006999999999999999,1730000000.0,241810000000.0,8.24,3.3,12.59,0.0823,0.08900000000000001
ABT,S&P 500,169740000000.0,0.094,0.192,0.13,0.561,0.192,0.159,6930000000.0,43650000000.0,3.92,0.99,4.85,0.1003,-0.006
ACN,S&P 500,171050000000.0,0.153,0.324,0.319,0.32,0.151,0.113,7050000000.0,62380000000.0,11.01,3.08,12.62,0.098,0.17
ADBE,"NDX, S&P 500",153470000000.0,0.179,0.33899999999999997,0.267,0.877,0.34600000000000003,0.27,4760000000.0,17610000000.0,10.1,3.76,17.51,0.1439,0.006999999999999999
ADI,"NDX, S&P 500",93540000000.0,0.068,0.094,0.068,0.6559999999999999,0.322,0.273,3430000000.0,12580000000.0,6.62,2.75,10.93,0.0207,0.516
ADM,S&P 500,43530000000.0,0.071,0.18,0.098,0.075,0.040999999999999995,0.043,4340000000.0,101560000000.0,7.7,1.76,6.66,-0.0352,0.613
ADP,"NDX, S&P 500",91070000000.0,0.053,0.9690000000000001,0.47100000000000003,0.43700000000000006,0.237,0.182,3150000000.0,17250000000.0,7.53,2.44,9.01,0.1093,0.154
ADSK,"NDX, S&P 500",42780000000.0,0.066,0.7020000000000001,0.158,0.904,0.158,0.111,823000000.0,5000000000.0,3.78,1.55,8.34,0.1537,-0.588
AEE,S&P 500,21430000000.0,0.028999999999999998,0.106,0.052000000000000005,0.723,0.19,0.135,1070000000.0000001,7960000000.0,4.14,0.98,4.69,0.0738,0.077
AEP,"NDX, S&P 500",45320000000.0,0.025,0.096,0.054000000000000006,0.639,0.177,0.11699999999999999,2310000000.0,19640000000.0,4.5,1.34,5.64,0.065,-0.094
AES,S&P 500,16230000000.0,-0.015,-0.256,0.022000000000000002,0.20199999999999999,0.064,-0.043,-546000000.0,12620000000.0,-1.19,0.35,1.91,0.1096,-0.318
AFL,S&P 500,39960000000.0,0.031,0.16399999999999998,0.149,0.5725563254926408,0.247,0.215,4200000000.0,19530000000.0,6.56,1.41,6.04,0.065,0.031
AIG,S&P 500,42160000000.0,0.019,0.23,0.18600000000000003,0.545520544940896,0.273,0.182,10250000000.0,56440000000.0,12.79,1.51,7.33,0.1772,0.20199999999999999
AIZ,S&P 500,6430000000.0,0.008,0.062,0.061,0.427882854526327,0.045,0.027000000000000003,276600000.0,10200000000.0,5.04,2.81,13.47,0.16649999999999998,-0.493
AJG,S&P 500,39660000000.0,0.027999999999999997,0.125,0.092,0.44299999999999995,0.185,0.13,1110000000.0,8550000000.000001,5.2,3.02,9.98,0.1275,0.18600000000000003
AKAM,S&P 500,11300000000.0,0.064,0.122,0.083,0.617,0.187,0.145,523700000.00000006,3620000000.0,3.27,1.32,6.04,0.10460000000000001,-0.17
ALB,S&P 500,28650000000.0,0.20199999999999999,0.40399999999999997,0.18600000000000003,0.42,0.337,0.36700000000000005,2690000000.0,7320000000.0,22.82,7.27,28.88,0.0087,0.304
ALGN,"NDX, S&P 500",23830000000.0,0.061,0.099,0.11199999999999999,0.705,0.172,0.09699999999999999,361600000.0,3730000000.0,4.6,1.67,9.74,0.2159,-0.524
ALK,S&P 500,6220000000.0,0.004,0.015,0.008,0.516,0.006999999999999999,0.006,58000000.0,9650000000.0,0.44,-0.4,6.87,0.23829999999999998,-0.8759999999999999
ALL,S&P 500,31770000000.0,-0.015,-0.08,-0.057999999999999996,0.37350760894523294,-0.036000000000000004,-0.027999999999999997,-1416000000.0,51410000000.0,-5.33,1.75,13.26,0.8886,-1.308
ALLE,S&P 500,9850000000.0,0.126,0.563,0.172,0.40399999999999997,0.177,0.14,458000000.0,3270000000.0,5.19,1.37,6.92,0.0843,-0.027999999999999997
AMAT,"NDX, S&P 500",99840000000.0,0.243,0.524,0.38,0.46399999999999997,0.29600000000000004,0.24600000000000002,6450000000.0,26250000000.0,7.46,1.84,6.87,-0.0342,0.161
AMCR,S&P 500,16239999999.999998,0.061,0.252,0.08900000000000001,0.191,0.102,0.071,1060000000.0,14970000000.0,0.71,0.18,0.82,0.0529,-0.122
AMD,"NDX, S&P 500",135740000000.00002,0.02,0.024,0.024,0.449,0.054000000000000006,0.055999999999999994,1320000000.0,23600000000.0,0.89,0.56,4.33,0.419,-0.6729999999999999
AME,S&P 500,32030000000.0,0.096,0.163,0.125,0.349,0.244,0.18899999999999997,1160000000.0,6150000000.0,5.01,1.41,6.43,0.07339999999999999,0.17800000000000002
AMGN,"DJIA, NDX, S&P 500",121940000000.0,0.106,2.461,0.20600000000000002,0.757,0.366,0.249,6550000000.0,26320000000.0,12.12,4.02,18.82,0.0594,0.17800000000000002
AMP,S&P 500,35060000000.0,0.016,0.632,0.069,0.51,0.23600000000000002,0.17800000000000002,2560000000.0,14350000000.0,22.45,7.3,33.75,0.09050000000000001,-0.021
AMT,S&P 500,88920000000.0,0.026000000000000002,0.292,0.053,0.695,0.22,0.165,1770000000.0,10710000000.0,3.84,1.08,4.98,0.1408,-0.326
AMZN,"NDX, S&P 500",934330000000.0,-0.006,-0.02,0.066,0.43799999999999994,0.024,-0.005,-2722000000.0,513980000000.0,-0.27,0.23,2.51,1.7272,-1.082
ANET,S&P 500,44140000000.0,0.218,0.31,0.266,0.611,0.349,0.309,1350000000.0,4380000000.0,4.28,1.34,6.43,0.1159,0.623
ANSS,"NDX, S&P 500",26110000000.0,0.084,0.115,0.096,0.879,0.287,0.254,523700000.00000006,2069999999.9999998,5.99,1.61,9.58,0.10679999999999999,0.16
AON,S&P 500,61240000000.0,0.045,2.781,0.153,0.5296475761161146,0.195,0.11900000000000001,2590000000.0,12480000000.0,12.12,5.28,16.23,0.1125,-0.34299999999999997
AOS,S&P 500,10040000000.0,0.071,0.133,0.113,0.354,0.06,0.063,235700000.0,3750000000.0,1.48,0.77,3.59,0.08199999999999999,-0.499
APA,S&P 500,11710000000.0,0.282,9.249,0.769,0.7090000000000001,0.557,0.332,3670000000.0,11070000000.0,10.83,1.21,8.46,0.2198,3.252
APD,S&P 500,63810000000.0,0.08199999999999999,0.166,0.08800000000000001,0.271,0.192,0.17600000000000002,2260000000.0,12880000000.0,10.13,2.63,12.47,0.1014,0.106
APH,S&P 500,46680000000.0,0.126,0.287,0.17600000000000002,0.319,0.205,0.151,1900000000.0,12620000000.0,3.06,0.67,3.3,0.1023,0.221
APTV,S&P 500,31050000000.0,0.026000000000000002,0.063,0.071,0.151,0.069,0.03,531000000.0,17490000000.0,1.96,0.91,6.27,0.4235,0.008
ARE,S&P 500,24870000000.0,0.015,0.028999999999999998,0.019,0.698,0.21600000000000003,0.198,513299999.99999994,2590000000.0,3.17,0.72,3.79,0.16820000000000002,-0.16899999999999998
ATO,S&P 500,15910000000.0,0.047592637371235945,0.1622275745503197,0.048,0.561,0.2103163790093387,0.14018128781570632,796600000.0,4670000000.0,5.65,2.47,6.41,0.0655,0.094
ATVI,"NDX, S&P 500",61020000000.0,0.059000000000000004,0.08199999999999999,0.063,0.705,0.222,0.201,1510000000.0,7530000000.0,1.92,0.53,4.18,0.0855,-0.44299999999999995
AVB,S&P 500,23880000000.0,0.057,0.102,0.027000000000000003,0.6459999999999999,0.207,0.43799999999999994,1130000000.0,2590000000.0,8.11,1.06,5.54,0.18600000000000003,0.13
AVGO,"NDX, S&P 500",249390000000.0,0.136,0.449,0.214,0.67,0.373,0.28600000000000003,12600000000.0,34410000000.0,29.74,10.07,44.06,0.0677,0.768
AVY,S&P 500,14260000000.0,0.094,0.38299999999999995,0.146,0.266,0.11,0.084,757100000.0,9040000000.0,9.21,1.67,10.58,0.1376,0.043
AWK,S&P 500,24950000000.0,0.031,0.10800000000000001,0.055,0.6608894484576859,0.341,0.21600000000000003,820000000.0,3790000000.0,4.5,0.69,5.13,0.077,-0.35100000000000003
AXP,"DJIA, S&P 500",127380000000.0,0.035,0.315,0.042,0.66,0.17600000000000002,0.13699999999999998,7400000000.0,54390000000.0,9.83,2.68,12.51,0.1243,-0.018000000000000002
AZO,S&P 500,45210000000.0,0.163,-0.695,0.9059999999999999,0.516,0.196,0.146,2410000000.0,16570000000.0,119.79,31.43,145.81,0.1368,0.231
BA,"DJIA, S&P 500",121050000000.0,-0.036000000000000004,0.309,-0.087,0.053,-0.053,-0.07400000000000001,-4940000000.0,66610000000.0,-8.3,-0.57,5.53,14.8879,-0.162
BAC,S&P 500,255490000000.0,0.008,0.10800000000000001,0.063,0.9149392590439426,0.688,0.359,26020000000.0,72560000000.0,3.19,0.84,3.69,0.0759,-0.10800000000000001
BALL,S&P 500,17129999999.999998,0.035,0.201,0.084,0.168,0.078,0.047,719000000.0,15350000000.0,2.23,0.52,3.56,0.1441,-0.14
BAX,S&P 500,19740000000.0,-0.081,-0.332,-0.096,0.359,-0.139,-0.161,-2433000000.0,15110000000.0,-4.83,0.48,3.29,0.1528,-2.91
BBWI,S&P 500,8990000000.0,0.183,-0.405,0.439,0.431,0.228,0.127,794000000.0,7560000000.0,3.42,0.26,3.67,0.2303,0.27899999999999997
BBY,S&P 500,17420000000.0,0.109,0.607,0.58,0.215,0.048,0.037000000000000005,1550000000.0,47930000000.0,6.7,1.2,7.08,0.1159,0.44
BDX,S&P 500,65739999999.99999,0.0442371840578202,0.15693314797017244,0.052000000000000005,0.44799999999999995,0.16149181080339645,0.10510735367246274,1490000000.0,18740000000.0,5.18,2.75,13.63,0.11599999999999999,0.037000000000000005
BEN,S&P 500,14070000000.0,0.035,0.083,0.068,0.5185109231674121,0.17600000000000002,0.12,961800000.0,8020000000.0,1.97,0.58,2.69,0.1378,-0.292
BF-B,S&P 500,29850000000.0,0.136,0.319,0.185,0.601,0.302,0.214,886000000.0,4130000000.0,1.84,0.47,2.05,0.10529999999999999,-0.07200000000000001
BIIB,"NDX, S&P 500",37790000000.0,0.124,0.247,0.098,0.7759999999999999,0.252,0.299,3050000000.0,10170000000.0,20.92,3.39,16.41,0.0537,1.006
BIO,S&P 500,13760000000.0,-0.276,-0.39,0.14300000000000002,0.56,0.16699999999999998,-0.16834908879056573,-3627500000.0,2800000000.0,-121.14,3.81,18.11,0.1346,-1.865
BK,S&P 500,38940000000.0,0.005,0.066,0.04,0.8021359004302825,0.48700000000000004,0.332,2360000000.0,7120000000.0,2.9,1.12,5.43,0.0901,-0.301
BKNG,"NDX, S&P 500",95670000000.0,0.13,0.825,0.27699999999999997,0.45134794834850994,0.299,0.179,3060000000.0,17090000000.0,77.88,10.52,155.27,0.1948,1.7109999999999999
BKR,"NDX, S&P 500",31220000000.0,-0.018000000000000002,-0.04,0.006,0.209,0.035,-0.027999999999999997,-602000000.0,21160000000.0,-0.6,0.27,2.11,0.3457,-1.291
BLK,S&P 500,99950000000.0,0.040999999999999995,0.139,0.115,0.809,0.35700000000000004,0.29,5180000000.0,17870000000.0,33.95,7.99,39.9,0.1386,-0.111
BMY,S&P 500,141000000000.0,0.064,0.198,0.11800000000000001,0.782,0.215,0.13699999999999998,6330000000.0,46160000000.0,2.95,2.0,8.21,0.0177,-0.054000000000000006
BR,S&P 500,16550000000.0,0.065,0.287,0.11,0.27899999999999997,0.134,0.091,532600000.0,5830000000.0,4.49,2.05,7.53,0.08810000000000001,-0.021
BRK-B,S&P 500,683770000000.0,0.10384022414657783,0.33563938684939765,0.18319336350218407,0.36881363261055156,0.15888470367967591,0.11937284659605235,29057888712.81118,302090000000.0,14.237140657068661,3.56,17.63,0.13699999999999998,0.109
BRO,S&P 500,16000000000.0,0.052000000000000005,0.15,0.095,0.5932035817956963,0.28300000000000003,0.184,659200000.0,3570000000.0,2.37,0.82,2.71,0.10369999999999999,0.14300000000000002
BSX,S&P 500,66480000000.00001,0.02,0.037000000000000005,0.038,0.69,0.115,0.051,642000000.0,12680000000.0,0.45,0.43,2.15,0.12619999999999998,-0.35100000000000003
BWA,S&P 500,11700000000.0,0.057,0.135,0.094,0.196,0.087,0.06,944000000.0,15800000000.0,3.99,1.09,5.73,0.1702,0.778
BXP,S&P 500,9980000000.0,0.036000000000000004,0.141,0.051,0.63,0.34,0.273,848100000.0,3110000000.0,5.4,0.51,2.46,0.038,0.701
C,S&P 500,96720000000.0,0.006,0.076,0.08900000000000001,0.7916788560129848,0.59,0.184,13930000000.0,74410000000.0,7.11,1.68,6.74,0.1573,-0.299
CAG,S&P 500,17120000000.000002,0.03,0.079,0.063,0.254,0.095,0.057,681700000.0,12040000000.0,1.42,0.65,2.81,0.0513,-0.308
CAH,S&P 500,18600000000.0,-0.028999999999999998,0.943,-0.16699999999999998,0.034,0.0,-0.006999999999999999,-1273000000.0,193010000000.0,-4.65,1.48,6.35,0.1624,-2.609
CARR,S&P 500,38130000000.0,0.142,0.49200000000000005,0.22899999999999998,0.268,0.221,0.17300000000000001,3530000000.0,20420000000.0,4.09,0.48,2.84,0.1048,1.196
CAT,"DJIA, S&P 500",126850000000.0,0.08199999999999999,0.41700000000000004,0.11,0.308,0.133,0.113,6710000000.0,59430000000.0,12.64,3.76,17.19,0.07980000000000001,0.075
CB,S&P 500,84940000000.0,0.027000000000000003,0.10300000000000001,0.09,0.5062701366554987,0.16699999999999998,0.12300000000000001,5310000000.0,43170000000.0,12.52,4.47,20.1,0.1048,-0.349
CBOE,S&P 500,13010000000.0,0.031,0.069,0.055999999999999994,0.44,0.124,0.059000000000000004,233700000.0,3960000000.0,2.18,1.78,7.5,0.0541,-0.5539999999999999
CBRE,S&P 500,25320000000.0,0.068,0.174,0.126,0.214,0.049,0.046,1410000000.0,30830000000.0,4.27,0.95,5.95,0.1684,-0.20600000000000002
CCI,S&P 500,55420000000.0,0.043,0.21600000000000003,0.08199999999999999,0.7040000000000001,0.34299999999999997,0.24,1680000000.0,6990000000.0,3.86,0.91,3.58,-0.0557,0.446
CCL,S&P 500,12650000000.0,-0.11599999999999999,-0.7170000000000001,-0.106,0.313,-0.36,-0.501,-6093000000.0,12170000000.0,-5.19,-0.28,0.89,9.9,0.39
CDAY,S&P 500,10950000000.0,-0.008,-0.035,-0.022000000000000002,0.38,-0.05,-0.059000000000000004,-73400000.0,1250000000.0,-0.48,0.32,1.62,0.2954,0.043
CDNS,"NDX, S&P 500",53330000000.0,0.18,0.313,0.251,0.8959999999999999,0.301,0.23800000000000002,849000000.0,3560000000.0,3.09,1.25,5.56,0.1198,0.237
CDW,S&P 500,27100000000.0,0.083,0.905,0.18100000000000002,0.19699999999999998,0.073,0.047,1110000000.0,23750000000.0,8.14,2.27,11.42,0.09570000000000001,0.156
CE,S&P 500,12690000000.0,0.10400000000000001,0.377,0.092,0.24600000000000002,0.142,0.196,1900000000.0,9670000000.0,17.42,1.65,14.56,0.2104,0.021
CEG,S&P 500,24630000000.0,-0.003,-0.013999999999999999,-0.028999999999999998,0.302,0.028999999999999998,-0.006999999999999999,-151000000.0,22640000000.0,-0.46,1.03,5.33,0.2184,-1.347
CF,S&P 500,16629999999.999998,0.249,0.74,0.528,0.524,0.48200000000000004,0.299,3350000000.0,11190000000.0,16.32,2.83,8.37,-0.2375,2.863
CFG,S&P 500,18150000000.0,0.009000000000000001,0.092,0.171,0.9898562562934498,0.784,0.278,1960000000.0,7060000000.0,4.09,1.16,5.17,0.0262,-0.205
CHD,S&P 500,20480000000.0,0.05,0.11699999999999999,0.079,0.419,0.111,0.077,413900000.0,5380000000.0,1.68,0.76,3.23,0.0678,-0.493
CHRW,S&P 500,12000000000.0,0.136,0.524,0.303,0.145,0.051,0.038,940500000.0,24700000000.0,7.29,1.04,5.22,0.11460000000000001,0.17300000000000001
CHTR,"NDX, S&P 500",53010000000.0,0.035,0.506,0.09699999999999999,0.45299999999999996,0.221,0.094,5050000000.0,54020000000.0,30.76,7.65,40.29,0.1721,0.256
CI,S&P 500,83150000000.0,0.045,0.147,0.105,0.2735974968946486,0.053,0.037000000000000005,6670000000.0,180020000000.0,21.37,5.18,28.27,0.1433,0.354
CINF,S&P 500,18170000000.0,-0.017,-0.046,-0.038,0.34682884234343747,-0.098,-0.07400000000000001,-486000000.0,6560000000.0,-2.97,1.48,5.99,0.1264,-1.169
CL,S&P 500,59610000000.0,0.113,4.7219999999999995,0.24,0.57,0.16,0.099,1780000000.0,17970000000.0,2.12,0.71,3.4,0.09519999999999999,-0.16699999999999998
CLX,S&P 500,18760000000.0,0.071,1.085,0.14300000000000002,0.363,0.081,0.062,435000000.0,7070000000.0,3.51,1.19,5.38,0.2596,-0.331
CMA,S&P 500,8690000000.0,0.013000000000000001,0.203,0.266,1.092123543563239,0.9,0.42,1120000000.0,2670000000.0,8.47,2.35,9.84,0.016,0.013999999999999999
CMCSA,"NDX, S&P 500",150220000000.0,0.02,0.062,0.054000000000000006,0.685,0.11599999999999999,0.044000000000000004,5370000000.0,121430000000.0,1.19,0.82,4.1,0.1241,-0.602
CME,S&P 500,65870000000.00001,0.013999999999999999,0.096,0.073,0.9164764920266637,0.601,0.529,2660000000.0,5020000000.0,7.4,2.15,8.79,0.0446,0.015
CMG,S&P 500,41930000000.0,0.134,0.4,0.371,0.292,0.134,0.10400000000000001,899100000.0,8630000000.0,32.06,8.86,51.08,0.2182,0.39899999999999997
CMI,S&P 500,35530000000.0,0.079,0.249,0.136,0.24,0.10400000000000001,0.077,2150000000.0,28070000000.0,15.12,4.67,19.22,0.023399999999999997,0.035
CMS,S&P 500,17129999999.999998,0.027999999999999997,0.124,0.053,0.621,0.142,0.096,758000000.0,8600000000.0,2.61,1.31,3.34,0.07769999999999999,0.087
CNC,S&P 500,36620000000.0,0.015,0.047,0.013999999999999999,0.2959396875638815,0.009000000000000001,0.008,1200000000.0,144550000000.0,2.03,1.97,7.22,0.1328,-0.095
CNP,S&P 500,17360000000.0,0.027000000000000003,0.109,0.055999999999999994,0.5196490620499368,0.201,0.10800000000000001,1010000000.0,9320000000.0,1.6,0.51,1.61,0.0824,0.698
COF,S&P 500,39410000000.0,0.016,0.145,0.201,0.883788556581121,0.6809999999999999,0.226,7040000000.0,31240000000.0,17.82,4.13,15.05,0.0452,-0.335
COO,S&P 500,15440000000.0,0.037000000000000005,0.061,0.042,0.655,0.161,0.13,385900000.0,3310000000.0,7.76,3.02,14.52,0.14,-0.8690000000000001
COP,S&P 500,130320000000.0,0.19899999999999998,0.38,0.261,0.478,0.342,0.23800000000000002,18680000000.0,78490000000.0,14.56,2.4,10.73,0.005600000000000001,1.403
COST,"NDX, S&P 500",220400000000.0,0.091,0.287,0.204,0.121,0.033,0.025,6050000000.0,234390000000.0,13.61,3.35,15.76,0.0895,0.166
CPB,S&P 500,15920000000.0,0.066,0.23399999999999999,0.11599999999999999,0.308,0.13699999999999998,0.08900000000000001,793000000.0,8900000000.0,2.63,0.74,3.15,0.049,-0.242
CPRT,"NDX, S&P 500",33770000000.000004,0.19399999999999998,0.22699999999999998,0.239,0.439,0.37,0.295,1080000000.0,3670000000.0,2.25,0.64,2.63,0.10099999999999999,0.16
CPT,S&P 500,11880000000.0,0.071,0.135,0.07200000000000001,0.628,0.439,0.45899999999999996,652600000.0,1420000000.0,6.04,0.32,1.8,0.15410000000000001,1.038
CRL,S&P 500,10880000000.0,0.066,0.179,0.095,0.368,0.16399999999999998,0.122,486200000.0,3980000000.0,9.47,2.59,12.29,0.19949999999999998,0.247
CRM,"DJIA, S&P 500",183110000000.0,0.006,0.009000000000000001,0.006,0.733,0.0,0.017,208000000.0,31350000000.0,0.21,1.6,8.69,0.2492,-0.6629999999999999
CSCO,"DJIA, NDX, S&P 500",198080000000.0,0.12,0.27899999999999997,0.22899999999999998,0.619,0.261,0.213,11300000000.0,53160000000.0,2.73,0.97,4.03,0.0719,0.127
CSX,"NDX, S&P 500",62700000000.0,0.10099999999999999,0.322,0.156,0.71,0.406,0.28,4170000000.0,14850000000.0,1.95,0.42,2.03,0.08960000000000001,0.16
CTAS,"NDX, S&P 500",43970000000.0,0.155,0.386,0.217,0.465,0.203,0.153,1280000000.0,8380000000.000001,12.29,3.17,14.15,0.111,0.138
CTLT,S&P 500,12050000000.0,0.039,0.086,0.07400000000000001,0.327,0.138,0.086,409000000.0,4760000000.0,2.26,0.66,3.51,0.11220000000000001,-0.092
CTRA,S&P 500,18930000000.0,0.19899999999999998,0.33,0.278,0.885,0.579,0.44799999999999995,4059999999.9999995,9050000000.0,5.08,0.73,2.95,0.1188,1.21
CTSH,"NDX, S&P 500",31330000000.0,0.131,0.19,0.17300000000000001,0.359,0.153,0.11800000000000001,2290000000.0,19430000000.0,4.42,1.05,4.88,0.0873,0.09
CTVA,S&P 500,44230000000.0,0.027999999999999997,0.045,0.052000000000000005,0.402,0.091,0.066,1210000000.0,17450000000.0,1.65,0.93,3.47,0.20370000000000002,-0.319
CVS,S&P 500,102010000000.0,0.018000000000000002,0.057,0.051,0.389,0.024,0.013000000000000001,4150000000.0000005,322470000000.0,3.12,2.1,9.05,0.0239,-0.473
CVX,"DJIA, S&P 500",306250000000.0,0.138,0.23,0.152,0.38299999999999995,0.17800000000000002,0.15,35470000000.0,235720000000.0,18.26,3.6,14.94,-0.0326,1.246
CZR,S&P 500,11020000000.0,-0.04,-0.373,0.049,0.474,0.095,-0.136,-513000000.0,10820000000.0,-2.4,0.03,2.08,1.1169,0.649
D,S&P 500,45120000000.0,0.009000000000000001,0.034,0.021,0.997,0.09300000000000001,0.052000000000000005,892000000.0,17170000000.000002,1.06,1.1,3.82,-0.0431,-0.6609999999999999
DAL,S&P 500,25190000000.0,0.018000000000000002,0.294,0.1,0.431,0.07,0.026000000000000002,1320000000.0,50580000000.0,2.05,0.33,6.9,0.3323,3.707
DD,S&P 500,33159999999.999996,0.134,0.22699999999999998,0.039,0.355,0.136,0.451,1010000000.0,13020000000.0,2.01,0.8,4.39,0.1628,-0.049
DE,S&P 500,123120000000.0,0.09300000000000001,0.41200000000000003,0.11,0.342,0.207,0.14800000000000002,8189999999.999999,55330000000.0,26.96,8.51,32.16,0.0537,0.226
DFS,S&P 500,28360000000.0,0.036000000000000004,0.332,0.217,0.8986774732685,0.672,0.335,4300000000.0,12860000000.0,15.45,3.99,14.27,0.0451,-0.132
DG,S&P 500,48340000000.0,0.085,0.384,0.245,0.313,0.08800000000000001,0.065,2350000000.0,36290000000.0,10.29,2.96,11.44,0.0661,-0.042
DGX,S&P 500,15100000000.0,0.071,0.151,0.11699999999999999,0.35100000000000003,0.14400000000000002,0.095,942000000.0,9880000000.0,7.91,1.98,9.21,0.055999999999999994,-0.486
DHI,S&P 500,31520000000.0,0.195,0.305,0.23199999999999998,0.309,0.22,0.168,5670000000.0,33680000000.0,16.13,1.92,9.41,0.0344,0.446
DHR,S&P 500,178080000000.0,0.086,0.156,0.11199999999999999,0.602,0.276,0.226,7100000000.0,31470000000.0,9.66,2.25,11.05,0.1013,0.13699999999999998
DIS,"DJIA, S&P 500",177420000000.0,0.016,0.035,0.033,0.33399999999999996,0.075,0.039,3320000000.0,84420000000.0,1.82,0.95,5.52,0.32789999999999997,0.578
DISH,S&P 500,5820000000.0,0.046,0.13699999999999998,0.033,0.318,0.12300000000000001,0.138,2300000000.0,16680000000.0,3.62,0.41,0.78,-0.35810000000000003,-0.046
DLR,S&P 500,29960000000.0,0.009000000000000001,0.02,0.015,0.601,0.115,0.07200000000000001,337000000.0,4690000000.0,1.15,0.23,1.29,0.2281,-0.809
DLTR,"NDX, S&P 500",30810000000.0,0.07,0.192,0.135,0.315,0.075,0.055,1620000000.0,28330000000.0,7.2,1.52,8.2,0.1772,0.025
DOV,S&P 500,20850000000.0,0.099,0.251,0.145,0.361,0.162,0.125,1040000000.0,8510000000.0,7.27,1.93,9.75,0.09140000000000001,-0.040999999999999995
DOW,"DJIA, S&P 500",39740000000.0,0.07400000000000001,0.23800000000000002,0.11599999999999999,0.151,0.099,0.08,4560000000.0,56900000000.0,6.25,0.38,4.82,0.47369999999999995,-0.251
DPZ,S&P 500,11070000000.0,0.27399999999999997,-0.107,0.777,0.363,0.16899999999999998,0.1,452300000.0,4540000000.0,12.56,2.71,14.82,0.1366,-0.075
DRI,S&P 500,17710000000.0,0.09,0.424,0.248,0.19399999999999998,0.11199999999999999,0.091,910700000.0,9980000000.0,7.26,2.52,8.65,0.1057,0.542
DTE,S&P 500,21880000000.0,0.026000000000000002,0.11699999999999999,0.057999999999999996,0.4348986140347995,0.091,0.055999999999999994,1080000000.0,19230000000.0,5.51,2.05,6.71,0.0735,0.34600000000000003
DUK,S&P 500,71670000000.0,0.013999999999999999,0.051,0.047,0.65,0.209,0.085,3770000000.0,28770000000.0,4.89,1.38,5.98,0.060899999999999996,-0.047
DVA,S&P 500,7080000000.0,0.033,0.8320000000000001,0.11800000000000001,0.293,0.115,0.048,546900000.0,11610000000.0,5.64,1.15,7.1,0.1728,-0.359
DVN,S&P 500,35030000000.0,0.258,0.575,0.349,0.5529999999999999,0.41600000000000004,0.311,5960000000.0,19170000000.0,9.12,1.63,7.31,-0.0073,1.18
DXC,S&P 500,6110000000.0,0.038,0.151,0.08800000000000001,0.214,0.07200000000000001,0.048,718000000.0,14850000000.0,2.94,1.03,4.0,0.1496,5.627999999999999
DXCM,"NDX, S&P 500",42970000000.0,0.066,0.162,0.08199999999999999,0.652,0.134,0.11699999999999999,341200000.0,2910000000.0,0.8,0.15,1.44,0.4014,0.578
EA,"NDX, S&P 500",30560000000.0,0.078,0.136,0.08800000000000001,0.764,0.20600000000000002,0.141,1040000000.0,7380000000.0,3.71,1.31,6.54,0.08439999999999999,-0.038
EBAY,"NDX, S&P 500",23530000000.0,-0.061,-0.228,0.191,0.726,0.24,-0.13,-1274000000.0,9790000000.0,-2.14,1.07,4.53,0.0987,-7.007000000000001
ECL,S&P 500,45030000000.0,0.052000000000000005,0.153,0.087,0.382,0.114,0.077,1090000000.0,14190000000.0,3.81,0.86,5.8,0.1725,-0.025
ED,S&P 500,32170000000.0,0.025,0.081,0.048,0.762,0.168,0.106,1660000000.0,15670000000.0,4.67,1.66,5.18,0.0634,0.21100000000000002
EFX,S&P 500,23830000000.0,0.061,0.18100000000000002,0.085,0.575,0.20600000000000002,0.136,696300000.0,5120000000.0,5.64,1.37,9.11,0.2696,-0.062
EIX,S&P 500,25450000000.0,0.009000000000000001,0.049,0.036000000000000004,0.63,0.086,0.039,612000000.0,17220000000.0,1.59,0.99,5.1,0.0809,-0.2
EL,S&P 500,87220000000.0,0.07200000000000001,0.258,0.231,0.7390000000000001,0.124,0.091,1490000000.0,16360000000.0,4.12,0.51,7.26,0.46299999999999997,-0.16
EMN,S&P 500,10000000000.0,0.053,0.146,0.095,0.20199999999999999,0.11,0.075,793000000.0,10580000000.0,6.29,1.16,8.89,0.1436,0.016
EMR,S&P 500,47930000000.0,0.135,0.445,0.11900000000000001,0.431,0.165,0.252,2660000000.0,18530000000.0,4.48,0.97,4.5,0.1052,0.41600000000000004
ENPH,"NDX, S&P 500",28910000000.0,0.152,0.7170000000000001,0.18600000000000003,0.418,0.192,0.17,397400000.0,2330000000.0,2.74,1.2,7.36,0.35350000000000004,1.703
EOG,S&P 500,68700000000.0,0.196,0.336,0.262,0.631,0.389,0.303,7760000000.0,25630000000.0,13.21,2.75,13.77,0.039599999999999996,0.655
EPAM,S&P 500,17590000000.0,0.113,0.153,0.16,0.319,0.11900000000000001,0.087,419400000.0,4820000000.0,7.08,2.34,14.02,0.2433,-0.131
EQIX,S&P 500,62800000000.0,0.024,0.064,0.040999999999999995,0.483,0.165,0.09699999999999999,704300000.0,7260000000.0,7.67,2.16,10.36,0.2051,0.386
EQR,S&P 500,23010000000.0,0.038,0.071,0.06,0.6409999999999999,0.408,0.28300000000000003,773800000.0,2740000000.0,2.07,0.34,1.83,0.11800000000000001,-0.42
ES,S&P 500,25660000000.0,0.027999999999999997,0.09300000000000001,0.045,0.516831925171286,0.18,0.115,1400000000.0,12220000000.0,4.05,1.35,4.68,0.0709,0.142
ESS,S&P 500,14630000000.0,0.032,0.07,0.07257279145451012,0.7090000000000001,0.37,0.254,408300000.0,1610000000.0,6.28,1.28,6.12,0.0968,-0.16399999999999998
ETN,S&P 500,69580000000.0,0.07,0.149,0.102,0.332,0.147,0.11900000000000001,2460000000.0,20750000000.0,6.14,1.77,9.12,0.1002,0.151
ETR,S&P 500,21650000000.0,0.019,0.091,0.053,0.875,0.149,0.08,1100000000.0,13760000000.0,5.38,1.56,7.2,0.0737,-0.031
ETSY,S&P 500,13760000000.0,-0.223,0.1336944557018356,-0.373,0.71,-0.257,-0.271,-694300000.0,2570000000.0,-5.64,0.51,3.32,0.2776,-2.62
EVRG,S&P 500,13340000000.0,0.026000000000000002,0.08,0.057,0.5506681833159074,0.21600000000000003,0.128,752700000.0,5860000000.0,3.27,0.54,3.95,0.0855,-0.147
EW,S&P 500,46030000000.0,0.18,0.256,0.235,0.8,0.325,0.28300000000000003,1520000000.0,5380000000.0,2.44,0.61,2.85,0.1336,0.024
EXC,"NDX, S&P 500",40020000000.0,0.023,0.09,0.046,0.669,0.174,0.114,2049999999.9999998,19080000000.0,2.08,0.66,2.5,0.0596,0.365
EXPD,S&P 500,17190000000.0,0.19699999999999998,0.389,0.434,0.263,0.107,0.08,1360000000.0,17070000000.0,8.23,1.37,5.15,-0.056299999999999996,-0.001
EXPE,S&P 500,16160000000.0,0.015,0.165,0.111,0.858,0.098,0.03,352000000.0,11670000000.0,2.13,0.12,11.6,0.23850000000000002,2.211
EXR,S&P 500,21820000000.0,0.075,0.266,0.096,0.7559999999999999,0.546,0.447,859500000.0,1920000000.0,6.41,1.44,6.45,0.0489,0.035
F,S&P 500,49640000000.0,-0.008,-0.045,0.039,0.109,0.039,-0.013000000000000001,-1981000000.0,158060000000.0,-0.49,0.4,1.63,0.0729,-1.111
FANG,"NDX, S&P 500",25700000000.0,0.179,0.316,0.24600000000000002,0.8420000000000001,0.665,0.45,4340000000.0,9640000000.0,24.74,4.94,22.67,0.0305,1.0
FAST,"NDX, S&P 500",29790000000.0,0.23800000000000002,0.344,0.29600000000000004,0.461,0.20800000000000002,0.156,1090000000.0,6980000000.0,1.89,0.49,2.11,0.0722,0.17800000000000002
FCX,S&P 500,56790000000.0,0.069,0.22899999999999998,0.183,0.33799999999999997,0.31,0.152,3460000000.0,22780000000.0,2.38,0.37,2.35,0.2761,-0.17800000000000002
FDS,S&P 500,15370000000.0,0.11800000000000001,0.322,0.129,0.537,0.273,0.221,426100000.0,1920000000.0,10.96,3.62,16.42,0.1018,-0.011000000000000001
FDX,S&P 500,52340000000.0,0.039,0.135,0.114,0.6809999999999999,0.06,0.035,3330000000.0,94090000000.0,12.74,4.21,16.75,0.23800000000000002,-0.221
FE,S&P 500,22340000000.0,0.009000000000000001,0.04,0.025,0.69,0.145,0.033,406000000.0,12460000000.0,0.71,0.63,2.67,0.0649,-0.687
FFIV,S&P 500,8630000000.0,0.059000000000000004,0.12300000000000001,0.121,0.7929999999999999,0.141,0.111,301000000.0,2710000000.0,4.97,2.42,13.25,0.15289999999999998,-0.012
FIS,S&P 500,37220000000.0,-0.221,-0.40299999999999997,-0.348,0.39299999999999996,-0.0144563842857699,-0.11856239050460504,-16720000000.0,14530000000.0,-28.27,1.2,6.47,0.1066,-0.12
FISV,"NDX, S&P 500",72790000000.0,0.032,0.08199999999999999,0.061,0.5489999999999999,0.21100000000000002,0.14300000000000002,2530000000.0,17740000000.0,3.91,1.57,8.35,0.1371,0.966
FITB,S&P 500,22480000000.0,0.011000000000000001,0.14400000000000002,0.152,0.9888426455224045,0.7659999999999999,0.353,2330000000.0,6590000000.0,3.35,0.82,4.01,0.0653,-0.10400000000000001
FLT,S&P 500,15200000000.0,0.066,0.368,0.11699999999999999,0.6967218071690697,0.42200000000000004,0.278,954300000.0,3430000000.0,12.42,3.67,19.71,0.1573,0.243
FMC,S&P 500,16010000000.000002,0.067,0.231,0.15,0.401,0.19699999999999998,0.127,832100000.0,5800000000.0,6.57,1.75,8.9,0.13419999999999999,0.055999999999999994
FOX,S&P 500,17900000000.0,0.07381956441924026,0.1580332661452062,0.13892330951651294,0.5087600954559849,0.20663952929860363,0.14578341631178282,1067722439.0192384,14280000000.0,2.71,0.49,2.35,0.146,0.15844767512501567
FOXA,S&P 500,17970000000.0,0.067,0.132,0.106,0.366,0.182,0.105,1510000000.0,14290000000.0,2.72,0.92,3.24,-0.0639,-0.415
FRC,S&P 500,20440000000.0,0.008,0.115,0.264,0.9697789778401171,0.78,0.257,1510000000.0,5720000000.0,8.27,1.41,8.35,0.37420000000000003,0.319
FRT,S&P 500,8460000000.000001,0.035,0.106,0.06,0.6679999999999999,0.4,0.263,271500000.0,1030000000.0,3.44,0.65,2.84,0.0677,1.0070000000000001
FTNT,"NDX, S&P 500",47490000000.0,0.152,-3.142,1.324,0.754,0.21899999999999997,0.19399999999999998,857300000.0,4420000000.0,1.07,0.29,1.67,0.1832,0.466
FTV,S&P 500,23560000000.0,0.047,0.079,0.067,0.5770000000000001,0.16899999999999998,0.13,755200000.0,5830000000.0,2.1,0.73,3.65,0.0885,0.272
GD,S&P 500,62100000000.0,0.066,0.18899999999999997,0.122,0.168,0.107,0.086,3390000000.0,39410000000.0,12.19,2.71,14.79,0.1582,0.055
GE,S&P 500,94020000000.0,0.0,-0.002,-0.01,0.258,-0.003,-0.001,585000000.0,76560000000.0,0.54,0.13,3.46,0.7945,1.163
GILD,"NDX, S&P 500",98230000000.0,0.073,0.223,0.131,0.7929999999999999,0.26899999999999996,0.168,4590000000.0,27280000000.0,3.64,1.56,7.18,0.0526,-0.262
GIS,S&P 500,46300000000.0,0.09300000000000001,0.28300000000000003,0.135,0.327,0.19699999999999998,0.15,2910000000.0,19370000000.0,4.79,1.05,4.39,0.0518,0.16899999999999998
GL,S&P 500,11450000000.0,0.027999999999999997,0.138,0.11900000000000001,0.5321941468144546,0.191,0.142,739700000.0,5210000000.0,7.48,2.48,11.23,0.0842,0.035
GLW,S&P 500,27690000000.0,0.045,0.111,0.054000000000000006,0.318,0.10099999999999999,0.09300000000000001,1320000000.0,14190000000.0,1.54,0.39,2.52,0.21989999999999998,0.201
GM,S&P 500,53450000000.0,0.035,0.138,0.043,0.134,0.062,0.057,8910000000.0,156740000000.0,6.13,1.65,6.36,0.0169,-0.085
GNRC,S&P 500,7240000000.0,0.067,0.151,0.126,0.33299999999999996,0.12300000000000001,0.077,350300000.0,4560000000.0,5.41,0.51,8.08,0.289,-0.348
GOOG,"NDX, S&P 500",1209640000000.0,0.14656763542980628,0.5905904618576422,0.16890612779904315,0.508662107962162,0.19674171858699638,0.18987884569609206,47969880471.116554,282840000000.0,4.66,1.05,6.09,0.20800000000000002,0.105
GOOGL,"NDX, S&P 500",1187650000000.0,0.16699999999999998,0.235,0.23399999999999999,0.5539999999999999,0.265,0.212,59970000000.0,282840000000.0,4.49,1.06,6.11,0.2021,-0.188
GPC,S&P 500,23640000000.0,0.07200000000000001,0.322,0.172,0.35,0.073,0.054000000000000006,1180000000.0,22100000000.0,8.31,2.03,9.54,0.0689,0.33299999999999996
GPN,S&P 500,28130000000.0,0.003,0.005,0.013000000000000001,0.579,0.071,0.012,111500000.0,8980000000.0,0.43,2.3,11.85,0.1506,-0.877
GRMN,S&P 500,18570000000.0,0.126,0.161,0.151,0.5770000000000001,0.21100000000000002,0.2,973600000.0,4860000000.0,5.04,1.06,5.75,0.09720000000000001,-0.1
GS,"DJIA, S&P 500",114540000000.0,0.006999999999999999,0.10099999999999999,0.012,0.612,0.196,0.157,10760000000.0,68709999999.99999,30.06,8.74,40.29,0.17629999999999998,-0.494
GWW,S&P 500,34500000000.0,0.215,0.685,0.353,0.384,0.145,0.102,1550000000.0,15230000000.0,30.28,8.5,36.31,0.0913,0.515
HAL,S&P 500,33159999999.999996,0.07,0.212,0.134,0.163,0.131,0.077,1570000000.0,20300000000.0,1.73,0.67,3.65,0.1962,0.06
HAS,S&P 500,7220000000.0,0.021,0.069,0.051,0.5920000000000001,0.07,0.035,203500000.0,5860000000.0,1.46,0.15,4.99,0.1328,-0.5670000000000001
HBAN,S&P 500,20490000000.0,0.012,0.136,0.17800000000000002,1.0239838156587382,0.835,0.35600000000000004,2120000000.0,5970000000.0,1.45,0.38,1.55,0.025099999999999997,0.619
HCA,S&P 500,67900000000.00001,0.109,-1.905,0.205,0.8440000000000001,0.149,0.094,5640000000.0,60230000000.0,19.24,4.0,19.37,0.1229,-0.095
HD,"DJIA, S&P 500",291680000000.0,0.22399999999999998,0.29571563339808116,0.462,0.335,0.151,0.107,17110000000.0,157400000000.0,16.68,3.86,16.8,0.0621,0.301
HES,S&P 500,41330000000.0,0.099,0.29100000000000004,0.165,0.684,0.335,0.185,2100000000.0,11320000000.0,6.77,1.58,10.21,0.3849,2.7460000000000004
HIG,S&P 500,23010000000.0,0.025,0.13,0.115,0.45775430997494426,0.11,0.08,1790000000.0,22360000000.0,5.45,2.06,9.64,0.1374,-0.17800000000000002
HII,S&P 500,8430000000.0,0.054000000000000006,0.188,0.066,0.135,0.053,0.054000000000000006,579000000.0,10680000000.0,14.45,2.89,16.71,0.1783,0.07
HLT,S&P 500,38920000000.0,0.081,-1.433,0.212,0.42100000000000004,0.239,0.14300000000000002,1250000000.0,8770000000.0,4.54,1.15,6.62,0.1603,2.105
HOLX,S&P 500,19210000000.0,0.106,0.2,0.175,0.593,0.282,0.222,990200000.0,4470000000.0,3.92,0.88,4.05,0.0802,-0.28800000000000003
HON,"DJIA, NDX, S&P 500",129100000000.0,0.08,0.28300000000000003,0.13699999999999998,0.32799999999999996,0.18,0.14,4970000000.0,35470000000.0,7.27,1.92,10.01,0.1059,-0.081
HPE,S&P 500,19860000000.0,0.065,0.183,0.022000000000000002,0.335,0.129,0.127,856000000.0,29340000000.0,0.64,0.48,2.15,0.0408,-0.745
HPQ,S&P 500,27960000000.0,0.068,-0.9590000000000001,0.425,0.19699999999999998,0.068,0.044000000000000004,2600000000.0,59780000000.0,2.51,0.75,3.6,0.08460000000000001,-0.428
HRL,S&P 500,22630000000.0,0.07400000000000001,0.131,0.096,0.171,0.10400000000000001,0.079,978100000.0,12390000000.0,1.78,0.4,1.93,0.08130000000000001,0.096
HSIC,S&P 500,10080000000.0,0.063,0.151,0.126,0.303,0.059000000000000004,0.043,538000000.0,12650000000.0,3.89,1.23,5.83,0.09179999999999999,-0.12300000000000001
HST,S&P 500,12040000000.0,0.052000000000000005,0.094,0.069,0.49567857076803096,0.158,0.129,633000000.0,4910000000.0,0.88,0.23,0.93,0.096,-0.045
HSY,S&P 500,48760000000.0,0.153,0.54,0.223,0.43200000000000005,0.19899999999999998,0.158,1640000000.0,10420000000.0,7.19,2.67,10.1,0.0742,0.446
HUM,S&P 500,60610000000.0,0.06,0.18,0.122,0.3485087033190019,0.043,0.03,2810000000.0,92870000000.0,22.04,9.59,31.93,0.1352,-0.026000000000000002
HWM,S&P 500,17860000000.0,0.046,0.138,0.09300000000000001,0.275,0.15,0.08199999999999999,467000000.0,5660000000.0,1.11,0.38,2.02,0.2377,0.885
IBM,"DJIA, S&P 500",115520000000.0,0.013000000000000001,0.081,0.025,0.54,0.019,0.027000000000000003,1850000000.0,60530000000.0,1.9,1.27,10.12,0.0661,-0.603
ICE,S&P 500,57470000000.0,0.006999999999999999,0.064,0.081,0.757,0.377,0.15,1450000000.0,9640000000.0,2.57,1.34,5.96,0.09759999999999999,-0.6409999999999999
IDXX,"NDX, S&P 500",39010000000.0,0.257,1.245,0.36700000000000005,0.595,0.267,0.20199999999999999,679100000.0,3370000000.0,8.03,2.46,10.95,0.1416,-0.067
IEX,S&P 500,16590000000.0,0.11599999999999999,0.204,0.138,0.44799999999999995,0.247,0.184,586900000.0,3180000000.0,7.72,2.02,9.17,0.0533,0.313
IFF,S&P 500,22260000000.0,-0.05,-0.099,-0.055,0.33399999999999996,-0.107,-0.15,-1868000000.0,12440000000.0,-7.33,0.91,5.51,0.1082,-7.642
ILMN,"NDX, S&P 500",30690000000.0,-0.325,-0.508,-0.455,0.648,-0.912,-0.961,-4404000000.0,4580000000.0,-28.06,0.05,3.02,1.1619,-6.559
INCY,S&P 500,16399999999.999998,0.063,0.08199999999999999,0.08900000000000001,0.945,0.171,0.1,340700000.0,3390000000.0,1.52,0.71,4.97,0.3041,-0.644
INTC,"DJIA, NDX, S&P 500",106670000000.0,0.046,0.079,0.025,0.426,0.053,0.127,8010000000.0,63050000000.0,1.95,-0.15,1.88,2.5263,-0.6
INTU,"NDX, S&P 500",114560000000.0,0.07,0.11900000000000001,0.09,0.79,0.195,0.142,1950000000.0,13680000000.0,6.81,8.45,15.57,0.1286,-0.037000000000000005
IP,S&P 500,12800000000.0,0.061,0.168,0.13,0.284,0.075,0.071,1740000000.0,21160000000.0,4.74,0.46,3.0,0.063,1.295
IPG,S&P 500,13440000000.0,0.053,0.268,0.16,0.16899999999999998,0.125,0.086,938000000.0,10930000000.0,2.38,0.34,3.04,0.055999999999999994,-0.006999999999999999
IPGP,,5830000000.0,0.037000000000000005,0.043,0.04,0.389,0.11900000000000001,0.077,109900000.0,1430000000.0,1.98,1.14,5.72,0.1932,-0.5820000000000001
IQV,S&P 500,38500000000.0,0.047,0.205,0.066,0.349,0.11900000000000001,0.08,1090000000.0,14410000000.0,5.72,2.41,12.06,0.156,2.4619999999999997
IR,S&P 500,23600000000.0,0.040999999999999995,0.068,0.055999999999999994,0.39299999999999996,0.138,0.102,589500000.0,5920000000.0,1.44,0.52,2.82,0.10679999999999999,0.162
IRM,S&P 500,15130000000.0,0.035,0.867,0.087,0.684,0.20600000000000002,0.109,557000000.0,5100000000.0,1.91,0.35,1.83,0.1324,0.231
ISRG,"NDX, S&P 500",78910000000.0,0.099,0.113,0.11900000000000001,0.674,0.253,0.213,1320000000.0,6220000000.0,3.65,1.2,6.24,0.1728,-0.21600000000000003
IT,S&P 500,26390000000.0,0.11800000000000001,0.16227857705823048,0.327,0.691,0.201,0.14800000000000002,807800000.0,5480000000.0,9.98,2.01,10.94,0.1595,0.08199999999999999
ITW,S&P 500,71440000000.0,0.19399999999999998,0.929,0.292,0.408,0.23800000000000002,0.19,3030000000.0,15930000000.0,9.77,2.22,10.31,0.0754,0.147
IVZ,S&P 500,7730000000.0,0.023,0.061,0.052000000000000005,0.688,0.218,0.113,683900000.0,6050000000.0,1.49,0.34,1.93,0.1675,-0.503
J,S&P 500,15060000000.0,0.031,0.077,0.08,0.218,0.055999999999999994,0.03,646200000.0,15340000000.0,5.02,1.76,8.2,0.11320000000000001,0.594
JBHT,S&P 500,18970000000.0,0.131,0.282,0.207,0.17600000000000002,0.09,0.065,969400000.0,14810000000.0,9.21,2.09,10.2,0.0965,0.29
JCI,S&P 500,43640000000.0,0.03,0.078,0.077,0.335,0.063,0.05,1270000000.0,25500000000.0,1.83,0.73,4.01,0.1407,0.044000000000000004
JKHY,S&P 500,11980000000.0,0.14300000000000002,0.248,0.244,0.413,0.23199999999999998,0.177,352500000.0,2000000000.0,4.82,1.1,5.33,0.1072,0.2
JNJ,"DJIA, S&P 500",394290000000.0,0.1,0.237,0.154,0.674,0.22899999999999998,0.18899999999999997,17940000000.0,94940000000.0,6.74,2.52,10.89,0.0362,-0.13699999999999998
JNPR,S&P 500,10160000000.0,0.052000000000000005,0.109,0.083,0.5579999999999999,0.107,0.08900000000000001,471000000.0,5300000000.0,1.43,0.43,2.55,0.11779999999999999,0.8759999999999999
JPM,"DJIA, S&P 500",398280000000.0,0.009000000000000001,0.14,0.065,0.9031062510979239,0.65,0.387,35890000000.0,92810000000.0,12.09,3.43,13.51,0.050499999999999996,-0.213
K,S&P 500,22220000000.0,0.051,0.23800000000000002,0.132,0.301,0.107,0.063,960000000.0,15310000000.0,2.81,0.99,4.27,0.0552,-0.35600000000000004
KEY,S&P 500,15790000000.0,0.01,0.151,0.11900000000000001,0.9739274165771197,0.7440000000000001,0.332,1790000000.0,5410000000.0,1.92,0.48,2.27,0.1177,-0.266
KEYS,S&P 500,27830000000.0,0.141,0.28300000000000003,0.19699999999999998,0.636,0.235,0.19899999999999998,1160000000.0,5550000000.0,6.37,1.95,8.5,0.0649,0.292
KHC,"NDX, S&P 500",46490000000.0,0.026000000000000002,0.048,0.045,0.311,0.138,0.08900000000000001,2360000000.0,26480000000.0,1.91,0.6,2.87,0.0536,2.044
KIM,S&P 500,12250000000.0,0.005,0.01,0.028999999999999998,0.693,0.314,0.057,98600000.0,1730000000.0,0.16,0.2,0.71,0.0292,-0.9
KLAC,"NDX, S&P 500",53200000000.0,0.275,1.39,0.433,0.624,0.397,0.33799999999999997,3540000000.0,10480000000.0,24.32,5.32,19.17,-0.2121,0.639
KMB,S&P 500,41840000000.0,0.107,3.39,0.237,0.308,0.133,0.096,1930000000.0,20180000000.0,5.72,1.29,6.79,0.1442,0.068
KMI,S&P 500,38520000000.0,0.036000000000000004,0.083,0.054000000000000006,0.38,0.212,0.132,2530000000.0,19200000000.0,1.12,0.3,1.18,0.0605,0.43700000000000006
KMX,S&P 500,10740000000.0,0.022000000000000002,0.107,0.048,0.092,0.024,0.018000000000000002,575600000.0,31650000000.0,3.56,1.0,3.02,0.057300000000000004,0.541
KO,"DJIA, S&P 500",261000000000.0,0.102,0.40299999999999997,0.135,0.581,0.248,0.222,9540000000.0,43000000000.0,2.19,0.65,2.8,0.0793,-0.026000000000000002
KR,S&P 500,33780000000.0,0.049,0.251,0.136,0.214,0.028999999999999998,0.016,2230000000.0,148260000000.0,3.06,1.44,4.46,0.013600000000000001,-0.336
L,S&P 500,13760000000.0,0.013000000000000001,0.067,0.062,0.48110713405108085,0.12300000000000001,0.07200000000000001,1010000000.0,14100000000.0,4.16,1.7674526289469958,8.680438165381684,0.2521403545933434,-0.314
LDOS,S&P 500,12830000000.0,0.053,0.168,0.09699999999999999,0.145,0.076,0.048,685000000.0,14400000000.0,4.95,1.59,7.44,0.1106,-0.057
LEN,S&P 500,27540000000.0,0.13,0.204,0.153,0.223,0.179,0.135,4560000000.0,33670000000.0,15.82,2.16,10.14,0.1066,0.10300000000000001
LH,S&P 500,20360000000.0,0.063,0.124,0.095,0.295,0.11900000000000001,0.086,1280000000.0,14880000000.0,13.84,4.03,18.9,0.09880000000000001,-0.42700000000000005
LHX,S&P 500,39160000000.0,0.031,0.055999999999999994,0.036000000000000004,0.287,0.066,0.062,1060000000.0,17059999999.999998,5.46,2.89,13.25,0.0789,-0.396
LIN,S&P 500,169540000000.0,0.053,0.10300000000000001,0.068,0.41700000000000004,0.161,0.124,4150000000.0000005,33360000000.0,8.24,3.11,14.74,0.1024,0.124
LKQ,S&P 500,15340000000.0,0.095,0.20800000000000002,0.147,0.408,0.124,0.09,1140000000.0,12790000000.0,4.09,0.96,4.38,0.081,0.12300000000000001
LLY,S&P 500,294490000000.0,0.131,0.647,0.244,0.768,0.25,0.21899999999999997,6240000000.0,28540000000.0,6.91,1.8,11.82,0.39159999999999995,0.128
LMT,S&P 500,122520000000.0,0.11,0.537,0.23800000000000002,0.127,0.10300000000000001,0.087,5730000000.0,65980000000.00001,21.72,6.13,27.98,0.0452,-0.048
LNC,S&P 500,4830000000.0,-0.006999999999999999,-0.305,-0.184,0.3456093091168033,-0.126,-0.11900000000000001,-2226000000.0,18780000000.0,-13.17,1.91,9.52,0.1185,-2.661
LNT,S&P 500,12830000000.0,0.035,0.111,0.06,0.907,0.221,0.163,685000000.0,4200000000.0,2.73,0.47,2.89,0.0373,0.039
LOW,S&P 500,118810000000.0,0.179,-1.018,0.46799999999999997,0.33399999999999996,0.127,0.08800000000000001,6660000000.0,95950000000.0,10.2,3.52,14.81,0.08199999999999999,0.5529999999999999
LRCX,"NDX, S&P 500",66349999999.99999,0.28600000000000003,0.732,0.425,0.45299999999999996,0.318,0.26899999999999996,5130000000.0,19050000000.0,37.2,6.54,27.09,-0.19510000000000002,0.218
LUMN,S&P 500,3080000000.0,-0.028999999999999998,-0.13,-0.008,0.55,0.018000000000000002,-0.08900000000000001,-1548000000.0,17480000000.0,-1.59,0.08,0.27,-0.11259999999999999,-1.806
LUV,S&P 500,19990000000.0,0.015,0.05,0.034,0.6859999999999999,0.035,0.023,539000000.0,23810000000.0,0.79,-0.19,3.9,0.4228,-0.47700000000000004
LVS,S&P 500,44660000000.0,0.083,0.444,-0.048,0.401,-0.193,0.446,-1066000000.0,4110000000.0000005,-1.4,0.16,2.72,0.9725,0.076
LW,S&P 500,14420000000.0,0.11,1.032,0.10300000000000001,0.251,0.155,0.105,473600000.0,4510000000.0,3.27,0.94,4.47,0.1321,-0.363
LYB,S&P 500,30730000000.0,0.105,0.312,0.17600000000000002,0.131,0.10099999999999999,0.077,3890000000.0,50450000000.0,11.89,1.81,10.64,0.1675,-0.295
LYV,S&P 500,16160000000.0,0.009000000000000001,-0.436,0.115,0.26,0.044000000000000004,0.009000000000000001,149200000.0,16680000000.0,0.54,-0.4,1.29,0.9470999999999999,1.209
MA,S&P 500,336630000000.0,0.265,1.536,0.515,0.7559643489456481,0.552,0.447,9930000000.0,22240000000.0,10.22,2.71,14.5,0.1902,0.168
MAA,S&P 500,17880000000.0,0.055999999999999994,0.106,0.063,0.609,0.322,0.314,633300000.0,2020000000.0,5.48,1.09,4.84,-0.022400000000000003,0.19
MAR,"NDX, S&P 500",52770000000.0,0.095,1.8230000000000002,0.255,0.21899999999999997,0.16699999999999998,0.114,2360000000.0,20770000000.0,7.25,1.84,8.67,0.1219,1.169
MAS,S&P 500,11380000000.0,0.156,-1.5290000000000001,0.386,0.313,0.152,0.09699999999999999,844000000.0,8680000000.0,3.62,0.63,3.73,0.1384,1.244
MCD,"DJIA, S&P 500",193010000000.0,0.124,-0.991,0.24,0.57,0.381,0.266,6180000000.0,23180000000.0,8.34,2.3,11.7,0.1042,-0.17
MCHP,"NDX, S&P 500",45430000000.0,0.128,0.341,0.113,0.6709999999999999,0.34700000000000003,0.257,2069999999.9999998,8050000000.000001,3.7,1.62,6.21,0.0397,0.759
MCK,S&P 500,46550000000.0,0.05,-1.4780000000000002,0.336,0.046,0.015,0.011000000000000001,3150000000.0,273899999999.99997,21.85,7.17,26.44,0.0184,1.2570000000000001
MCO,S&P 500,52390000000.0,0.096,0.581,0.163,0.705,0.35700000000000004,0.251,1420000000.0,5470000000.0,7.69,2.11,11.12,0.20079999999999998,-0.34700000000000003
MDLZ,"NDX, S&P 500",88260000000.0,0.04,0.1,0.051,0.359,0.10800000000000001,0.086,2720000000.0,31500000000.0,1.96,0.81,3.44,0.0859,-0.355
MDT,S&P 500,102860000000.0,0.044000000000000004,0.078,0.069,0.667,0.18,0.132,4059999999.9999995,30770000000.0,3.04,1.56,5.33,0.0108,0.442
MET,S&P 500,51570000000.0,0.003,0.066,0.078,0.40428669812934537,0.054000000000000006,0.034,2350000000.0,69900000000.0,2.54,1.96,9.13,0.0999,-0.629
META,"NDX, S&P 500",451810000000.0,0.133,0.18600000000000003,0.16,0.7829999999999999,0.248,0.19899999999999998,23200000000.0,116610000000.0,8.36,2.01,11.51,0.204,-0.41700000000000004
MGM,S&P 500,16660000000.0,0.032,0.282,0.054000000000000006,0.493,0.11,0.11,1440000000.0,13130000000.0,3.38,0.07,1.25,0.7094,0.446
MHK,S&P 500,6270000000.0,0.002,0.003,0.008,0.257,0.021,0.002,25200000.0,11740000000.0,0.29,1.3,11.32,0.2764,-0.9740000000000001
MKC,S&P 500,19540000000.0,0.052000000000000005,0.14800000000000002,0.076,0.358,0.14400000000000002,0.107,682000000.0,6350000000.0,2.52,0.55,2.84,0.1035,-0.098
MKTX,S&P 500,12970000000.0,0.155,0.243,0.221,0.9259999999999999,0.455,0.348,250200000.0,718300000.0,6.65,1.97,8.88,0.1426,-0.018000000000000002
MLM,S&P 500,22430000000.0,0.059000000000000004,0.127,0.078,0.231,0.196,0.141,856300000.0,6160000000.0,13.7,0.99,17.14,0.155,0.222
MMC,S&P 500,79370000000.0,0.092,0.292,0.149,0.5147298382101393,0.207,0.147,3050000000.0,20720000000.0,6.03,2.47,8.33,0.09970000000000001,-0.013999999999999999
MMM,"DJIA, S&P 500",58270000000.0,0.126,0.402,0.193,0.43799999999999994,0.191,0.16899999999999998,5780000000.0,34229999999.999996,10.14,1.59,9.52,0.1011,0.006
MNST,"NDX, S&P 500",53930000000.0,0.151,0.18100000000000002,0.209,0.503,0.258,0.19399999999999998,1190000000.0,6310000000.0,2.23,0.68,3.52,0.1746,-0.024
MO,S&P 500,83440000000.0,0.156,-1.86,0.45299999999999996,0.565,0.475,0.22899999999999998,5750000000.0,25100000000.0,3.19,1.18,5.31,0.0507,1.3869999999999998
MOH,S&P 500,15580000000.0,0.063,0.272,0.168,0.15,0.037000000000000005,0.025,792000000.0,31970000000.0,13.54,5.18,23.17,0.1702,0.204
MOS,S&P 500,18240000000.0,0.152,0.305,0.22699999999999998,0.301,0.25,0.187,3580000000.0,19130000000.0,9.99,1.46,5.99,-0.1675,1.355
MPC,S&P 500,55320000000.0,0.158,0.556,0.312,0.152,0.12,0.081,14440000000.0,178890000000.0,28.44,5.27,13.35,-0.3071,-0.263
MPWR,S&P 500,23300000000.0,0.23399999999999999,0.294,0.263,0.584,0.294,0.244,437700000.0,1790000000.0,9.05,2.98,15.6,0.1833,0.7909999999999999
MRK,"DJIA, S&P 500",275210000000.0,0.135,0.33299999999999996,0.209,0.71,0.303,0.245,14520000000.0,59280000000.0,5.71,1.3,8.57,0.2441,0.174
MRNA,"NDX, S&P 500",52840000000.0,0.317,0.46299999999999997,0.406,0.7190000000000001,0.489,0.434,8359999999.999999,19260000000.0,19.96,-1.55,-3.33,-0.489,-0.29
MRO,S&P 500,15730000000.0,0.195,0.318,0.218,0.915,0.489,0.447,3610000000.0,8070000000.0,5.19,0.79,4.4,0.2536,3.38
MS,S&P 500,157610000000.0,0.009000000000000001,0.113,0.015,0.7609999999999999,0.214,0.16,10540000000.0,65940000000.0,6.14,1.81,8.29,0.1438,-0.23399999999999999
MSCI,S&P 500,41300000000.0,0.18,-0.873,0.295,0.82,0.537,0.387,870600000.0,2250000000.0,10.72,3.07,14.86,0.159,0.233
MSFT,"DJIA, NDX, S&P 500",1857570000000.0,0.188,0.39299999999999996,0.313,0.682,0.405,0.33,67450000000.0,204090000000.0,8.99,2.23,10.75,0.1481,0.198
MSI,S&P 500,44250000000.0,0.114,-5.187,0.24600000000000002,0.46399999999999997,0.182,0.15,1360000000.0,9110000000.0,7.93,2.05,12.43,0.1094,0.106
MTB,S&P 500,23370000000.0,0.01,0.08800000000000001,0.172,1.0454704385039573,0.8490000000000001,0.303,1890000000.0,6250000000.0,10.98,4.26,18.38,0.0275,-0.16399999999999998
MTCH,S&P 500,10650000000.0,0.084,-0.8859999999999999,0.145,0.6990000000000001,0.161,0.114,364200000.0,3190000000.0,1.24,0.41,2.58,0.2145,0.371
MTD,S&P 500,32310000000.000004,0.259,0.1784217531054274,0.428,0.589,0.273,0.223,872500000.0,3920000000.0,38.46,8.6,49.02,0.1165,0.172
MU,"NDX, S&P 500",61690000000.0,0.094,0.126,0.154,0.413,0.253,0.228,6190000000.0,27160000000.0,5.51,-0.8,1.59,1.85,0.507
NCLH,S&P 500,6180000000.0,-0.12,-3.155,-0.127,0.11900000000000001,-0.36,-0.469,-2269900000.0,4840000000.0,-5.42,-0.38,1.69,0.8556999999999999,0.561
NDAQ,S&P 500,26850000000.0,0.052000000000000005,0.18899999999999997,0.105,0.575,0.251,0.18100000000000002,1130000000.0,6230000000.0,2.26,0.65,2.92,0.0819,-0.038
NDSN,S&P 500,12500000000.0,0.127,0.218,0.18600000000000003,0.546,0.267,0.192,497000000.0,2590000000.0,8.58,2.1,9.77,0.08310000000000001,0.139
NEE,S&P 500,144330000000.0,0.027000000000000003,0.11,0.034,0.5628128216072665,0.195,0.198,4150000000.0000005,20960000000.0,2.09,0.7,3.37,0.08689999999999999,0.157
NEM,S&P 500,32900000000.0,-0.011000000000000001,-0.021,-0.01,0.457,0.017,-0.036000000000000004,-459000000.0,11910000000.0,-0.57,0.42,2.38,0.15380000000000002,-1.4180000000000001
NFLX,"NDX, S&P 500",137400000000.0,0.096,0.231,0.128,0.39399999999999996,0.17800000000000002,0.142,4120000000.0,31620000000.0,9.14,2.85,14.48,0.2668,-0.14400000000000002
NI,S&P 500,11250000000.0,0.03,0.13,0.063,0.639,0.21600000000000003,0.128,749000000.0,5850000000.0,1.7,0.81,1.69,0.0815,0.332
NKE,"DJIA, S&P 500",183760000000.0,0.141,0.368,0.24600000000000002,0.446,0.13,0.115,5630000000.0,49110000000.0,3.54,0.8,3.98,0.265,0.055
NOC,S&P 500,71340000000.0,0.115,0.349,0.094,0.204,0.098,0.134,4900000000.0,36600000000.0,31.5,5.17,24.47,0.10869999999999999,-0.27699999999999997
NOW,S&P 500,88670000000.0,0.027999999999999997,0.073,0.043,0.7829999999999999,0.049,0.045,325000000.0,7250000000.0,1.6,2.03,11.32,0.2327,0.41
NRG,S&P 500,7590000000.0,0.039,0.253,0.133,0.13,0.064,0.039,1220000000.0,31540000000.0,4.86,0.7,5.45,0.13720000000000002,-0.42
NSC,S&P 500,49320000000.0,0.083,0.25,0.141,0.501,0.377,0.256,3270000000.0,12740000000.0,13.88,3.21,14.93,0.087,0.145
NTAP,S&P 500,13850000000.0,0.132,1.3559999999999999,0.28800000000000003,0.654,0.155,0.19899999999999998,1290000000.0,6460000000.0,5.79,1.35,5.63,0.042,0.267
NTRS,S&P 500,18920000000.0,0.008,0.124,0.009000000000000001,0.903,0.23600000000000002,0.171,1280000000.0,7490000000.0,6.14,1.54,7.55,0.0902,-0.14
NUE,S&P 500,43810000000.0,0.243,0.445,0.32799999999999996,0.301,0.251,0.183,7580000000.0,41510000000.0,29.05,3.94,11.66,-0.1336,0.243
NVDA,"NDX, S&P 500",582870000000.0,0.10300000000000001,0.187,0.133,0.569,0.157,0.162,4370000000.0,26970000000.0,1.74,0.91,5.87,0.3161,-0.547
NVR,S&P 500,17240000000.0,0.313,0.561,0.39899999999999997,0.276,0.217,0.163,1730000000.0,10580000000.0,492.33,88.96,363.32,-0.0231,0.534
NWL,S&P 500,5510000000.0,0.013999999999999999,0.052000000000000005,0.055,0.302,0.047,0.021,197000000.0,9460000000.0,0.47,-0.04,1.37,0.32170000000000004,-0.675
NWS,S&P 500,9670000000.0,0.061602398832266314,0.15586489604198397,0.1479990183205723,0.5177902920588922,0.2036510805039616,0.13103494302047813,714611578.2247053,10170000000.0,0.52,1.2388830186939488,6.389996890654644,0.25824322784021536,0.03421598644077729
NWSA,S&P 500,9680000000.0,0.018000000000000002,0.037000000000000005,0.067,0.49200000000000005,0.036000000000000004,0.028999999999999998,299000000.0,10160000000.0,0.51,0.07,0.75,0.619,0.8909999999999999
NXPI,"NDX, S&P 500",46690000000.0,0.124,0.39799999999999996,0.175,0.569,0.28600000000000003,0.21100000000000002,2790000000.0,13210000000.0,10.56,3.02,13.84,0.1065,0.555
O,S&P 500,42370000000.0,0.019,0.032,0.016,0.932,0.242,0.26,869400000.0,3340000000.0,1.42,0.36,1.55,0.0721,0.639
ODFL,"NDX, S&P 500",38530000000.0,0.287,0.386,0.36700000000000005,0.8640000000000001,0.294,0.22,1380000000.0,6260000000.0,12.18,2.7,13.32,0.1117,0.371
OGN,S&P 500,5910000000.0,0.105,-0.893,0.177,0.632,0.21899999999999997,0.179,917000000.0,6170000000.0,3.59,1.16,4.86,0.08529999999999999,-0.40399999999999997
OKE,S&P 500,29480000000.0,0.071,0.276,0.113,0.2,0.125,0.077,1720000000.0,22390000000.0,3.84,1.87,4.82,-0.051500000000000004,0.146
OMC,S&P 500,18280000000.0,0.052000000000000005,0.445,0.174,0.27699999999999997,0.146,0.092,1320000000.0,14290000000.0,6.37,1.39,7.72,0.054000000000000006,-0.003
ORCL,S&P 500,232500000000.0,0.07400000000000001,-1.405,0.14400000000000002,0.7609999999999999,0.304,0.191,8800000000.0,46070000000.0,3.2,1.47,5.57,0.1349,-0.47
ORLY,"NDX, S&P 500",51530000000.0,0.17800000000000002,-2.3480000000000003,0.703,0.512,0.205,0.151,2170000000.0,14410000000.0,33.49,8.01,41.05,0.1134,0.076
OTIS,S&P 500,34890000000.0,0.12300000000000001,-0.253,0.7979999999999999,0.28600000000000003,0.149,0.092,1250000000.0,13690000000.0,2.96,0.75,3.83,0.1107,0.026000000000000002
OXY,S&P 500,55040000000.0,0.171,0.69,0.322,0.672,0.373,0.34,12500000000.0,36790000000.0,12.43,1.49,5.68,-0.0747,5.013
PARA,S&P 500,14200000000.0,0.018000000000000002,0.046,0.051,0.342,0.07400000000000001,0.035,668000000.0,30150000000.0,1.03,0.17,1.73,0.841,-0.845
PAYC,S&P 500,17170000000.000002,0.064,0.264,0.223,0.845,0.275,0.205,281400000.0,1380000000.0,4.84,2.36,9.23,0.2321,0.436
PAYX,"NDX, S&P 500",40390000000.0,0.153,0.461,0.36200000000000004,0.6370329999736054,0.4,0.304,1470000000.0,4820000000.0,4.04,0.98,4.53,0.06860000000000001,0.266
PCAR,"NDX, S&P 500",38960000000.0,0.096,0.237,0.124,0.192,0.135,0.10400000000000001,3010000000.0,28820000000.0,5.17,1.79,5.61,-0.1307,0.612
PEAK,S&P 500,12600000000.0,0.032,0.077,0.05,0.584,0.318,0.242,494900000.0,2060000000.0,0.91,0.09,0.49,0.257,3.245
PEG,S&P 500,29200000000.0,0.021,0.076,0.040999999999999995,0.44766834171563413,0.141,0.105,1030000000.0,9800000000.0,2.06,1.05,3.72,0.081,2.6010000000000004
PENN,,4690000000.0,0.012,0.06,0.065,0.433,0.151,0.035,221200000.0,6400000000.0,1.26,0.35,1.83,0.20980000000000001,-0.475
PEP,"NDX, S&P 500",238650000000.0,0.096,0.489,0.16899999999999998,0.535,0.129,0.10300000000000001,9000000000.0,86390000000.0,6.48,1.38,7.87,0.0863,0.154
PFE,S&P 500,222530000000.0,0.163,0.35100000000000003,0.253,0.655,0.364,0.313,31370000000.0,100330000000.0,5.47,1.02,3.81,0.1283,0.39299999999999996
PFG,S&P 500,19910000000.0,0.017,0.45399999999999996,0.085,0.5041342123293067,0.174,0.348,4810000000.0,13840000000.0,18.82,1.61,7.67,0.1096,2.0069999999999997
PG,"DJIA, S&P 500",322220000000.0,0.11900000000000001,0.316,0.18899999999999997,0.466,0.21600000000000003,0.174,14000000000.0,80280000000.0,5.69,1.32,6.33,0.08449999999999999,0.055999999999999994
PGR,S&P 500,82210000000.0,0.009000000000000001,0.045,0.044000000000000004,0.4053989986666575,0.024,0.013999999999999999,694600000.0,49590000000.0,1.16,1.56,7.84,0.1957,-0.7909999999999999
PH,S&P 500,45960000000.0,0.046,0.14,0.122,0.306,0.16,0.073,1260000000.0,17180000000.0,9.68,4.97,21.36,0.0907,-0.244
PHM,S&P 500,12150000000.0,0.18600000000000003,0.32299999999999995,0.226,0.298,0.212,0.16,2600000000.0,16230000000.0,11.2,1.81,7.12,-0.043899999999999995,0.483
PKG,S&P 500,12270000000.0,0.125,0.266,0.17600000000000002,0.247,0.168,0.121,1020000000.0,8480000000.0,11.01,2.25,9.29,0.0015,0.248
PKI,S&P 500,15310000000.0,0.04,0.079,0.051,0.601,0.22399999999999998,0.172,512700000.00000006,3310000000.0,4.05,1.03,6.09,0.19149999999999998,-0.46799999999999997
PLD,S&P 500,113360000000.0,0.05,0.086,0.027999999999999997,0.747,0.37799999999999995,0.562,3360000000.0,5970000000.0,4.36,0.55,2.87,0.0235,0.078
PM,S&P 500,153330000000.0,0.195,-0.9690000000000001,0.293,0.6459999999999999,0.386,0.284,9020000000.0,31760000000.0,5.81,1.33,6.89,0.09119999999999999,-0.002
PNC,S&P 500,57000000000.0,0.01,0.121,0.154,1.0196648589483703,0.812,0.37,5710000000.0,15440000000.0,13.84,3.71,15.4,0.0436,0.091
PNR,S&P 500,9010000000.0,0.084,0.185,0.105,0.331,0.14400000000000002,0.11699999999999999,483200000.0,4120000000.0,2.92,0.77,3.98,0.11699999999999999,-0.121
PNW,S&P 500,8590000000.0,0.021,0.08,0.044000000000000004,0.5160295995505624,0.16899999999999998,0.11199999999999999,483600000.0,4320000000.0,4.26,0.11,4.66,0.13720000000000002,-0.233
POOL,S&P 500,13610000000.0,0.19699999999999998,0.616,0.301,0.313,0.166,0.12,744300000.0,6180000000.0,18.76,3.34,18.01,0.1008,0.163
PPG,S&P 500,30270000000.0,0.048,0.16399999999999998,0.083,0.371,0.081,0.057999999999999996,1030000000.0,17650000000.0,4.34,1.18,7.77,0.1837,-0.27
PPL,S&P 500,19690000000.0,0.021,0.054000000000000006,0.042,0.787,0.174,0.096,714000000.0,7900000000.0,0.97,0.46,1.71,0.0768,0.128
PRU,S&P 500,34299999999.999996,-0.002,-0.055999999999999994,-0.038,0.3683501233999339,-0.03,-0.024,-1463000000.0,60050000000.0,-3.94,3.02,12.97,0.0559,-1.2009999999999998
PSA,S&P 500,52260000000.0,0.235,0.741,0.33799999999999997,0.748,1.003972603254847,0.99,4139999999.9999995,4179999999.9999995,23.49,2.6,12.45,0.087,1.381
PSX,S&P 500,45980000000.0,0.159,0.424,0.19899999999999998,0.11800000000000001,0.055999999999999994,0.065,11010000000.0,169990000000.0,22.93,3.46,12.98,-0.1268,6.8389999999999995
PTC,S&P 500,14490000000.0,0.07400000000000001,0.153,0.1,0.8009999999999999,0.252,0.17600000000000002,342000000.0,1940000000.0,2.89,1.13,5.24,0.1967,-0.34299999999999997
PVH,,4940000000.0,0.038,0.08800000000000001,0.138,0.574,0.044000000000000004,0.05,452500000.0,8970000000.0,6.3,1.67,9.06,0.09300000000000001,1.83
PWR,S&P 500,22950000000.0,0.037000000000000005,0.094,0.075,0.14800000000000002,0.051,0.028999999999999998,491200000.0,17070000000.0,3.32,1.15,8.05,0.1408,-0.006999999999999999
PXD,S&P 500,48010000000.0,0.215,0.337,0.28800000000000003,0.544,0.41700000000000004,0.321,7830000000.0,24380000000.0,31.01,5.3,23.71,-0.010700000000000001,2.612
PYPL,"NDX, S&P 500",83340000000.0,0.031,0.12,0.09300000000000001,0.423,0.139,0.08800000000000001,2420000000.0,27520000000.0,2.1,1.1,5.64,0.15460000000000002,-0.406
QCOM,"NDX, S&P 500",135330000000.00002,0.247,0.711,0.41200000000000003,0.5720000000000001,0.335,0.27399999999999997,11860000000.0,42960000000.0,10.46,2.15,11.41,0.2183,0.451
QRVO,S&P 500,9980000000.0,0.062,0.105,0.163,0.42700000000000005,0.157,0.111,453800000.0,4099999999.9999995,4.26,0.13,4.33,-0.2473,0.465
RCL,S&P 500,17930000000.0,-0.064,-0.6409999999999999,-0.033,0.26899999999999996,-0.09699999999999999,-0.244,-2156000000.0,8840000000.0,-8.46,-0.72,5.98,0.7695000000000001,0.595
RE,S&P 500,14990000000.0,0.015,0.068,0.1,0.48782456452269085,0.092,0.047,584800000.0,12520000000.0,14.79,13.31,54.8,0.14730000000000001,-0.564
REG,S&P 500,10530000000.0,0.044000000000000004,0.079,0.048,0.7170000000000001,0.386,0.39399999999999996,482900000.0,1220000000.0,2.81,0.5,2.15,0.0538,0.32799999999999996
REGN,"NDX, S&P 500",80380000000.0,0.157,0.205,0.166,0.872,0.389,0.35600000000000004,4340000000.0,12170000000.0,38.24,9.8,45.57,0.0974,-0.469
RF,S&P 500,19940000000.0,0.013000000000000001,0.14800000000000002,0.23399999999999999,1.084139129274678,0.885,0.42100000000000004,2150000000.0,5100000000.0,2.28,0.68,2.55,0.0024,-0.086
RHI,S&P 500,8600000000.0,0.22399999999999998,0.44,0.414,0.42700000000000005,0.12300000000000001,0.091,657900000.0,7240000000.0,6.02,1.14,5.67,0.1458,0.125
RJF,S&P 500,22660000000.0,0.02,0.16899999999999998,0.023,0.932,0.184,0.136,1570000000.0,11520000000.0,7.18,2.32,10.91,0.12279999999999999,0.052000000000000005
RL,S&P 500,7640000000.0,0.07200000000000001,0.214,0.142,0.653,0.109,0.08,514799999.99999994,6430000000.0,7.45,0.59,9.27,0.14980000000000002,6.5329999999999995
RMD,S&P 500,30940000000.0,0.14800000000000002,0.23399999999999999,0.198,0.5670000000000001,0.278,0.215,809500000.0,3760000000.0,5.5,1.6,7.29,0.1332,0.636
ROK,S&P 500,34009999999.999996,0.099,0.402,0.14,0.402,0.16,0.136,1070000000.0000001,7880000000.0,9.23,2.57,12.29,0.0901,-0.312
ROL,S&P 500,17070000000.0,0.17300000000000001,0.313,0.275,0.515,0.183,0.13699999999999998,368600000.0,2700000000.0,0.75,0.17,0.94,0.1219,0.033
ROP,S&P 500,44740000000.0,0.17800000000000002,0.318,0.054000000000000006,0.6990000000000001,0.284,0.846,985600000.0,5370000000.0,9.23,3.86,17.3,0.0698,0.22
ROST,"NDX, S&P 500",37080000000.0,0.111,0.36,0.276,0.254,0.107,0.079,1510000000.0,18700000000.0,4.38,1.06,5.6,0.11410000000000001,0.158
RSG,S&P 500,40510000000.0,0.054000000000000006,0.159,0.095,0.39299999999999996,0.177,0.11,1490000000.0,13510000000.0,4.69,1.15,5.78,0.1159,0.161
RTX,S&P 500,142660000000.0,0.033,0.073,0.045,0.204,0.081,0.077,5220000000.0,67069999999.99999,3.51,1.12,5.82,0.1624,0.359
SBAC,S&P 500,26780000000.0,0.045,-0.086,0.113,0.746,0.35100000000000003,0.175,461400000.0,2630000000.0,4.22,1.21,5.86,0.1566,0.9740000000000001
SBNY,S&P 500,6270000000.0,0.01,0.146,0.17800000000000002,1.061050203612133,0.862,0.44799999999999995,1150000000.0,2580000000.0,18.78,3.91,15.9,0.08560000000000001,0.512
SBUX,"NDX, S&P 500",116070000000.0,0.11699999999999999,-0.382,0.579,0.258,0.14300000000000002,0.10099999999999999,3320000000.0,32909999999.999996,2.88,0.64,4.08,0.2011,-0.2
SCHW,S&P 500,137990000000.0,0.011000000000000001,0.213,0.017,0.9309999999999999,0.42100000000000004,0.297,6630000000.0,22310000000.0,3.5,0.99,5.48,0.23550000000000001,0.24
SEDG,S&P 500,18050000000.0,0.024,0.045,0.028999999999999998,0.272,0.053,0.03,93800000.0,3110000000.0,1.66,1.94,11.59,0.2716,-0.46
SEE,S&P 500,6790000000.0,0.08,2.065,0.17300000000000001,0.314,0.165,0.087,491300000.0,5640000000.0,3.33,0.8,4.22,0.1501,0.034
SHW,S&P 500,55790000000.0,0.091,0.795,0.151,0.42100000000000004,0.11800000000000001,0.091,2020000000.0,22150000000.0,7.72,1.76,9.96,0.1723,0.105
SIVB,S&P 500,15450000000.0,0.006999999999999999,0.124,0.198,0.9323295725807278,0.7170000000000001,0.266,1510000000.0,5670000000.0,25.35,4.61,24.63,0.2783,-0.18899999999999997
SJM,S&P 500,15810000000.0,0.044000000000000004,0.087,0.064,0.322,0.131,0.085,710200000.0,8330000000.0,6.66,2.42,9.7,0.1229,-0.251
SLB,S&P 500,75100000000.0,0.08,0.207,0.124,0.184,0.159,0.122,3440000000.0,28090000000.0,2.39,0.6,3.73,0.235,0.8170000000000001
SNA,S&P 500,13060000000.0,0.132,0.209,0.165,0.523,0.249,0.188,911700000.0,4840000000.0,16.82,4.12,17.76,0.0458,0.128
SNPS,"NDX, S&P 500",55570000000.0,0.1,0.16899999999999998,0.185,0.789,0.207,0.182,942400000.0,5170000000.0,6.05,2.45,12.15,0.149,0.307
SO,S&P 500,69240000000.0,0.027000000000000003,0.11900000000000001,0.052000000000000005,0.8290000000000001,0.183,0.12,3520000000.0,29280000000.0,3.27,0.8,4.03,0.1142,0.455
SPG,S&P 500,39550000000.0,0.065,0.6940000000000001,0.092,0.8109999999999999,0.488,0.40399999999999997,2140000000.0000002,5290000000.0,6.52,1.4,6.17,0.0098,-0.047
SPGI,S&P 500,107170000000.0,0.051,0.085,0.079,0.6629999999999999,0.441,0.29100000000000004,3250000000.0,11180000000.0,10.5,2.9,14.38,0.1517,-0.185
SRE,S&P 500,46070000000.0,0.027000000000000003,0.081,0.032,0.5039157757585988,0.159,0.145,2089999999.9999998,14440000000.0,6.62,2.73,9.62,0.0698,0.652
STE,S&P 500,17750000000.0,-0.003,-0.005,0.037000000000000005,0.44799999999999995,0.027999999999999997,-0.006,-27900000.0,4780000000.0,-0.29,2.15,8.78,0.0913,-0.46399999999999997
STT,S&P 500,29280000000.0,0.009000000000000001,0.11199999999999999,0.052000000000000005,0.943270351392958,0.617,0.6509999999999999,2660000000.0,4090000000.0,7.19,1.74,9.61,0.1099,0.0
STX,S&P 500,13200000000.0,0.07200000000000001,-8.495,0.33399999999999996,0.245,0.10099999999999999,0.066,618000000.0,9350000000.0,2.8,0.26,4.97,2.2175,0.373
STZ,S&P 500,40190000000.0,0.004,0.01,0.09,0.519,0.317,0.011000000000000001,101400000.0,9560000000.0,0.34,2.77,11.67,0.1084,-1.023
SWK,S&P 500,12600000000.0,0.039,0.11800000000000001,0.026000000000000002,0.26,0.019,0.062,165500000.0,16950000000.0,0.97,-0.74,5.07,4.215,-0.887
SWKS,S&P 500,17920000000.0,0.135,0.22,0.17300000000000001,0.47600000000000003,0.273,0.223,1180000000.0,5300000000.0,7.33,2.03,10.8,0.1523,-0.13
SYF,S&P 500,14800000000.0,0.03,0.239,0.429,0.8920342191880801,0.7140000000000001,0.17300000000000001,2970000000.0,17149999999.999998,6.11,1.7,5.38,0.0433,-0.162
SYK,S&P 500,97120000000.0,0.065,0.14800000000000002,0.085,0.631,0.154,0.128,2360000000.0,18450000000.0,6.17,2.0,11.13,0.1094,0.183
SYY,S&P 500,37640000000.0,0.064,1.081,0.162,0.18100000000000002,0.032,0.019,1420000000.0,73580000000.0,2.77,0.92,4.62,0.1445,1.59
T,S&P 500,131590000000.0,-0.019,-0.069,-0.036000000000000004,0.579,-0.038,-0.07200000000000001,-8546000000.0,120740000000.0,-1.26,0.58,2.51,0.027000000000000003,-1.393
TAP,S&P 500,11010000000.0,-0.006999999999999999,-0.013000000000000001,0.002,0.342,0.015,-0.016,-175300000.0,10700000000.0,-0.82,0.27,4.31,0.0601,-1.175
TDG,S&P 500,41300000000.0,0.046,-0.263,0.121,0.5760000000000001,0.41700000000000004,0.151,853000000.0,5630000000.0,14.69,5.42,26.68,0.19329999999999997,0.28800000000000003
TDY,S&P 500,19910000000.0,0.055999999999999994,0.1,0.071,0.42700000000000005,0.18,0.14400000000000002,788600000.0,5460000000.0,16.53,4.43,20.82,0.0866,0.645
TECH,S&P 500,11630000000.0,0.11199999999999999,0.15,0.132,0.6829999999999999,0.307,0.23399999999999999,261700000.0,1120000000.0,1.61,0.53,2.37,0.1783,0.912
TEL,S&P 500,40600000000.0,0.106,0.21,0.163,0.319,0.159,0.139,2260000000.0,16300000000.0,7.0,1.57,7.64,0.1637,0.10300000000000001
TER,S&P 500,15960000000.0,0.20600000000000002,0.302,0.28300000000000003,0.5920000000000001,0.264,0.22699999999999998,715500000.0,3150000000.0,4.22,0.43,5.17,0.6579,-0.237
TFC,S&P 500,57190000000.0,0.011000000000000001,0.107,0.125,1.0189999195633839,0.8140000000000001,0.35600000000000004,5930000000.0,16640000000.0,4.43,1.17,5.16,0.0509,-0.01
TFX,S&P 500,10530000000.0,0.053,0.09300000000000001,0.073,0.5489999999999999,0.179,0.13,362900000.0,2790000000.0,7.67,2.98,14.64,0.1014,-0.25
TGT,S&P 500,75240000000.0,0.079,0.374,0.276,0.24600000000000002,0.053,0.039,2780000000.0,109120000000.0,5.98,1.78,10.66,0.24559999999999998,0.631
TJX,S&P 500,87810000000.0,0.12,0.593,0.363,0.276,0.09300000000000001,0.067,3500000000.0,49940000000.0,2.97,0.71,3.91,0.10890000000000001,0.132
TMO,S&P 500,209730000000.0,0.075,0.163,0.096,0.42200000000000004,0.183,0.155,6950000000.0,44910000000.0,17.64,5.05,26.74,0.1268,-0.09300000000000001
TMUS,"NDX, S&P 500",173670000000.0,0.012,0.037000000000000005,0.04,0.598,0.08199999999999999,0.033,2590000000.0,79570000000.0,2.33,1.5,9.6,0.39659999999999995,-0.038
TPR,S&P 500,10040000000.0,0.11599999999999999,0.35600000000000004,0.23399999999999999,0.693,0.165,0.127,836700000.0,6590000000.0,3.36,0.6,4.24,0.1344,0.214
TRMB,S&P 500,12200000000.0,0.063,0.114,0.08800000000000001,0.573,0.168,0.122,449700000.0,3680000000.0,1.8,0.67,2.92,0.0552,-0.07200000000000001
TROW,S&P 500,24760000000.0,0.127,0.17,0.212,0.6278929525413223,0.366,0.235,1520000000.0,6490000000.0,6.69,1.63,7.3,0.0687,-0.489
TRV,"DJIA, S&P 500",41170000000.0,0.024,0.126,0.111,0.44353319173811423,0.10099999999999999,0.076,2820000000.0,36920000000.0,11.76,3.67,16.77,0.1689,-0.188
TSCO,S&P 500,24960000000.0,0.136,0.5660000000000001,0.345,0.35,0.10099999999999999,0.077,1090000000.0,14200000000.0,9.71,1.72,11.62,0.1027,0.128
TSLA,"NDX, S&P 500",555810000000.0,0.17300000000000001,0.325,0.261,0.256,0.168,0.154,12580000000.0,81460000000.0,3.62,0.86,5.51,0.37770000000000004,1.217
TSN,S&P 500,20750000000.0,0.067,0.125,0.125,0.105,0.064,0.045,2430000000.0,53610000000.0,6.73,0.74,5.47,0.2642,0.069
TT,S&P 500,42280000000.0,0.099,0.297,0.187,0.31,0.151,0.11,1780000000.0,15990000000.0,7.58,1.34,9.08,0.083,0.27
TTWO,S&P 500,19380000000.0,-0.027999999999999997,-0.05,0.11199999999999999,0.5429999999999999,-0.069,-0.083,-403400000.0,4830000000.0,-2.26,0.68,5.23,0.4696,-0.29600000000000004
TXN,"NDX, S&P 500",158240000000.0,0.337,0.609,0.38,0.688,0.506,0.435,8710000000.0,20030000000.0,9.4,1.78,8.44,0.1094,0.138
TXT,S&P 500,14970000000.0,0.054000000000000006,0.125,0.068,0.161,0.069,0.067,862000000.0,12870000000.0,4.01,1.02,5.69,0.12960000000000002,0.21600000000000003
TYL,S&P 500,13290000000.0,0.035,0.066,0.053,0.424,0.11599999999999999,0.08900000000000001,164200000.0,1850000000.0,3.88,1.71,8.64,0.1388,0.013999999999999999
UA,,3940000000.0,0.06144074305365867,0.15558640986844843,0.14727365300807008,0.5214131762075067,0.2046915597963114,0.13188017201548935,442491788.7476271,5280000000.0,0.48,1.2259349917449807,6.364350304863675,0.25683720659551074,0.030207192449211058
UAA,,3940000000.0,0.034,0.08800000000000001,-0.023,0.456,0.035,0.027000000000000003,156600000.0,5810000000.0,0.34,0.15,0.62,0.1481,-1.165
UAL,S&P 500,17580000000.0,0.011000000000000001,0.152,0.054000000000000006,0.546,0.052000000000000005,0.016,737000000.0,44950000000.0,2.08,0.66,10.07,0.1886,1.3659999999999999
UDR,S&P 500,13570000000.0,0.008,0.022000000000000002,0.026000000000000002,0.657,0.165,0.054000000000000006,82500000.0,1520000000.0,0.25,0.11,0.61,0.2309,-0.47100000000000003
UHS,S&P 500,8720000000.0,0.051,0.115,0.07400000000000001,0.41694347068824944,0.075,0.05,674900000.0,13400000000.0,9.15,2.23,11.63,0.12480000000000001,-0.22699999999999998
ULTA,S&P 500,26620000000.0,0.23800000000000002,0.6829999999999999,0.643,0.397,0.161,0.12300000000000001,1190000000.0,9710000000.0,22.75,5.62,24.24,0.058499999999999996,4.782
UNH,"DJIA, S&P 500",438210000000.0,0.086,0.27,0.168,0.2522177004520365,0.08800000000000001,0.062,20120000000.0,324160000000.0,21.18,6.13,28.29,0.13419999999999999,0.171
UNP,S&P 500,125750000000.0,0.10800000000000001,0.5770000000000001,0.172,0.764,0.39899999999999997,0.281,7000000000.0,24880000000.0,11.22,2.63,12.65,0.0934,0.127
UPS,S&P 500,157410000000.0,0.16399999999999998,0.675,0.249,0.764,0.13,0.115,11550000000.0,100340000000.0,13.21,2.27,12.32,0.0708,-0.10099999999999999
URI,S&P 500,32490000000.000004,0.09699999999999999,0.33,0.138,0.429,0.278,0.18100000000000002,2100000000.0,11640000000.0,29.75,7.9,44.14,0.07400000000000001,0.5579999999999999
USB,S&P 500,68470000000.0,0.009000000000000001,0.129,0.13699999999999998,0.9454723049628139,0.711,0.307,5500000000.0,17950000000.0,3.69,1.15,5.38,0.09210000000000002,-0.27699999999999997
V,"DJIA, S&P 500",447690000000.0,0.17600000000000002,0.444,0.281,0.804,0.634,0.49200000000000005,14860000000.0,30190000000.0,7.16,1.98,9.67,0.14529999999999998,0.245
VFC,S&P 500,9350000000.0,0.03,0.125,0.147,0.531,0.057999999999999996,0.035,413900000.0,11700000000.0,1.06,0.14,2.22,0.0653,2.424
VICI,S&P 500,33570000000.0,0.033,0.055,0.044000000000000004,0.991,0.619,0.43,1120000000.0,2600000000.0,1.25,0.58,2.43,0.0271,-0.27699999999999997
VLO,S&P 500,48600000000.0,0.187,0.539,0.34299999999999997,0.095,0.08800000000000001,0.065,11480000000.0,176380000000.0,29.12,6.75,16.58,-0.2966,-0.192
VMC,S&P 500,23690000000.0,0.04,0.085,0.069,0.213,0.13,0.079,594200000.0,7320000000.0,4.45,0.64,7.29,0.2175,-0.11900000000000001
VNO,,3620000000.0,-0.024,-0.081,0.019,0.514,0.14800000000000002,-0.22699999999999998,-408600000.0,1800000000.0,-2.13,-0.04,-0.2,0.16699999999999998,-5.051
VRSK,"NDX, S&P 500",27780000000.0,0.129,0.436,0.21600000000000003,0.67,0.563,0.382,1040000000.0,2500000000.0,6.52,1.2,6.39,0.17489999999999997,0.764
VRSN,S&P 500,20420000000.0,0.374,-0.461,3.264,0.8590000000000001,0.662,0.473,673800000.0,1420000000.0,6.24,1.68,8.16,0.1693,-0.10800000000000001
VRTX,"NDX, S&P 500",73380000000.0,0.205,0.267,0.23600000000000002,0.879,0.48200000000000004,0.37200000000000005,3320000000.0,8930000000.0,12.82,3.1,15.47,0.0836,0.423
VTR,S&P 500,18950000000.0,-0.002,-0.004,0.021,0.447,0.109,-0.011000000000000001,-47400000.0,4130000000.0,-0.12,-0.09,0.14,2.167,-1.936
VTRS,S&P 500,12640000000.0,0.040999999999999995,0.10300000000000001,0.022000000000000002,0.43200000000000005,0.099,0.128,2080000000.0,16260000000.000002,1.71,0.69,2.9,-0.0092,2.6260000000000003
VZ,"DJIA, S&P 500",158240000000.0,0.057,0.244,0.10099999999999999,0.568,0.226,0.155,21260000000.0,136840000000.0,5.06,1.2,4.74,0.008100000000000001,-0.049
WAB,S&P 500,18850000000.0,0.034,0.063,0.057,0.314,0.121,0.076,633000000.0,8359999999.999999,3.46,1.21,5.99,0.1143,0.171
WAT,S&P 500,17950000000.0,0.228,1.709,0.35700000000000004,0.58,0.294,0.23800000000000002,707800000.0,2970000000.0,11.74,2.62,14.13,0.11109999999999999,0.05
WBA,"DJIA, NDX, S&P 500",29150000000.0,-0.032,-0.12,0.046,0.209,-0.051,-0.022000000000000002,-2964000000.0,132180000000.0,-3.43,1.12,4.83,0.0708,1.176
WBD,"NDX, S&P 500",36720000000.0,-0.067,-0.187,-0.059000000000000004,0.43700000000000006,-0.218,-0.21899999999999997,-7420000000.0,33820000000.0,-2.62,0.01,1.12,17.0,-3.485
WDC,S&P 500,12040000000.0,-0.004,-0.008,0.092,0.28300000000000003,0.046,-0.006,-93000000.0,15750000000.0,-0.29,-1.55,1.64,1.601,0.787
WEC,S&P 500,27660000000.0,0.035,0.124,0.055999999999999994,0.546,0.2,0.147,1410000000.0,9600000000.0,4.45,1.71,4.9,0.0632,0.084
WELL,S&P 500,36190000000.0,0.011000000000000001,0.021,0.02,0.396,0.138,0.067,125200000.0,5860000000.0,0.28,0.15,1.28,0.6789000000000001,1.895
WFC,S&P 500,162600000000.0,0.006,0.076,0.12300000000000001,0.9877339987919832,0.804,0.223,12070000000.0,54020000000.0,3.14,1.15,5.25,0.1002,-0.364
WHR,S&P 500,7380000000.0,-0.084,-0.402,-0.133,0.156,-0.054000000000000006,-0.077,-1519000000.0,19720000000.0,-28.02,2.19,18.2,0.1449,-1.966
WM,S&P 500,61150000000.0,0.07400000000000001,0.318,0.12300000000000001,0.469,0.171,0.114,2240000000.0,19700000000.0,5.39,1.29,6.7,0.1159,0.256
WMB,S&P 500,36350000000.0,0.043,0.18100000000000002,0.075,0.685,0.275,0.187,2049999999.9999998,10960000000.0,1.67,0.47,1.73,0.008100000000000001,0.34600000000000003
WMT,"DJIA, S&P 500",371980000000.0,0.055999999999999994,0.179,0.14300000000000002,0.24100000000000002,0.035,0.023,11680000000.0,611290000000.0,4.27,1.3,6.75,0.1045,0.027000000000000003
WRB,S&P 500,17100000000.000002,0.042,0.209,0.153,0.4741157607286033,0.161,0.124,1380000000.0,11170000000.0,4.95,1.25,5.73,0.1268,1.028
WRK,S&P 500,7850000000.0,0.027999999999999997,0.07,0.055,0.188,0.057,0.038,807600000.0,21230000000.0,3.14,0.52,3.34,0.1,0.153
WST,S&P 500,23230000000.0,0.172,0.237,0.19399999999999998,0.39399999999999996,0.23600000000000002,0.203,580200000.0,2890000000.0,7.66,1.65,8.45,0.1451,-0.11599999999999999
WTW,S&P 500,25140000000.0,0.031,0.09699999999999999,0.067,0.49291449409483584,0.134,0.113,1050000000.0,8870000000.0,9.48,2.79,17.21,0.18989999999999999,-0.436
WY,S&P 500,22310000000.0,0.10800000000000001,0.17600000000000002,0.13699999999999998,0.355,0.275,0.185,1880000000.0,10180000000.0,2.52,0.15,1.18,0.27449999999999997,-0.271
WYNN,S&P 500,12640000000.0,-0.034,0.6890000000000001,-0.01,0.364,-0.027000000000000003,-0.113,-423900000.0,3760000000.0,-3.71,-0.23,4.05,5.291900000000001,0.439
XEL,"NDX, S&P 500",35000000000.0,0.028999999999999998,0.107,0.062,0.872,0.159,0.113,1740000000.0,15310000000.0,3.17,0.75,3.61,0.0681,0.073
XOM,S&P 500,442130000000.0,0.153,0.306,0.183,0.319,0.159,0.14,55710000000.0,398680000000.0,13.27,2.7,10.14,-0.057699999999999994,1.464
XRAY,S&P 500,7930000000.0,-0.114,-0.222,-0.145,0.542,-0.24,-0.242,-950000000.0,3920000000.0,-4.42,0.35,2.23,0.19870000000000002,-3.362
XYL,S&P 500,18050000000.0,0.044000000000000004,0.10800000000000001,0.07400000000000001,0.377,0.087,0.064,355000000.0,5520000000.0,1.96,0.61,3.64,0.1352,-0.166
YUM,S&P 500,35240000000.0,0.228,-0.154,0.622,0.483,0.32,0.19399999999999998,1320000000.0,6840000000.0,4.57,1.13,5.93,0.1494,-0.124
ZBH,S&P 500,24950000000.0,0.011000000000000001,0.019,0.033,0.7090000000000001,0.1,0.033,290200000.0,6940000000.0,1.38,1.64,7.57,0.0725,-0.348
ZBRA,S&P 500,15610000000.0,0.065,0.171,0.094,0.45399999999999996,0.092,0.08,463000000.0,5780000000.0,8.79,3.91,19.39,0.11939999999999999,-0.433
ZION,S&P 500,6810000000.0,0.01,0.177,0.42200000000000004,1.0649930945604233,0.887,0.322,869000000.0,2710000000.0,5.79,1.61,6.58,0.0194,-0.147
ZTS,S&P 500,77240000000.0,0.15,0.462,0.172,0.698,0.32899999999999996,0.262,2109999999.9999998,8080000000.0,4.5,1.31,6.05,0.1219,0.052000000000000005
